Ticker Name,3-Year BETA,5-Year BETA,10-Year BETA,3-Year Standard Deviation,5-Year Standard Deviation,10-Year Standard Deviation,3-Year Sharpe,5-Year Sharpe,10-Year Sharpe,3-Year Treynor Ratio,5-Year Treynor Ratio,10-Year Treynor Ratio
PMIF.TO,0.33,0.02,0,4.9,5.67,0,-0.25,0.07,0,-4.13,12.74,0
PMIF-U.TO,0.53,0,0,5.17,0,0,-0.1,0,0,-1.25,0,0
XIU.TO,1,0.94,0.94,14.04,15.35,12,0.61,0.45,0.6,8.11,6.35,7.2
VFV.TO,0.95,0.97,0.98,13.9,14.63,12.59,0.66,0.66,1.06,9.18,9.36,13.64
XIC.TO,1,0.99,0.98,13.94,16.02,12.42,0.61,0.42,0.55,8.08,5.75,6.45
CSAV.TO,0,0,0,0.55,0,0,10.93,0,0,0,0,0
XSP.TO,1.18,1.21,1.02,17.94,19.05,15.03,0.46,0.42,0.67,6.03,5.42,9.25
ZCN.TO,1,0.99,0.98,13.95,16.03,12.42,0.61,0.42,0.55,8.08,5.74,6.45
ZEA.TO,1.01,1,0,14.4,13.56,0,0.36,0.25,0,4.26,2.59,0
VUN.TO,0.97,1,1.01,14.06,15.12,12.89,0.59,0.58,0.98,8.06,8.14,12.56
XEF.TO,1,1,1,14.08,13.47,12.08,0.32,0.22,0.5,3.67,2.18,5.47
ZAG.TO,1.04,1.01,0.99,6.32,6.02,5.03,-1.1,-0.24,0.09,-6.75,-1.63,0.32
VCN.TO,1,0.99,0.99,14,16.12,12.56,0.64,0.41,0.53,8.47,5.59,6.18
PSA.TO,0,0,0,0.56,0.45,0,14.3,14.45,0,0,0,0
XBB.TO,1.05,1.02,1,6.36,6.04,5.04,-1.1,-0.24,0.08,-6.73,-1.61,0.29
HISA.NE,0,0,0,0.56,0,0,12.61,0,0,0,0,0
FCLC.NE,0,0,0,0,0,0,0,0,0,0,0,0
XUS-U.TO,0,0,0,0,0,0,0,0,0,0,0,0
XUS.TO,0.98,0.96,0.97,14.27,14.57,12.37,0.63,0.65,1.07,8.61,9.24,13.78
RNAV.NE,0,0,0,0,0,0,0,0,0,0,0,0
VAB.TO,1.05,1.01,1,6.36,5.98,5.05,-1.11,-0.25,0.08,-6.78,-1.67,0.3
VGRO.TO,1.06,1.1,0,11.29,12.08,0,0.35,0.37,0,3.22,3.6,0
ZEB.TO,0.98,1.01,0.83,17.62,19,15.71,0.66,0.28,0.54,11.17,3.57,9.17
CASH.TO,0,0,0,0,0,0,0,0,0,0,0,0
HBB.TO,1.06,1,0,6.41,5.96,0,-1.12,-0.3,0,-6.85,-1.94,0
VIU.TO,1.02,1.02,0,14.42,13.7,0,0.3,0.21,0,3.38,1.98,0
HXT-U.TO,0,0,0,0,0,0,0,0,0,0,0,0
HXT.TO,1,0.94,0.94,14.09,15.4,12.03,0.62,0.45,0.61,8.19,6.43,7.32
ZLB.TO,0.72,0.71,0.66,11.61,12.92,10.22,0.66,0.56,0.88,10.47,9.6,13.5
VEQT.TO,0.98,0,0,12.96,0,0,0.53,0,0,6.44,0,0
ZCPB.TO,0.94,0.97,0,5.76,5.78,0,-1.24,-0.28,0,-7.58,-1.86,0
ZMU.TO,0.86,0.79,0.46,7.79,8.01,6.27,-0.87,-0.1,0.15,-8.08,-1.42,1.68
IGAF.TO,1.15,0,0,13.3,0,0,0.06,0,0,-0.02,0,0
FCGC.NE,0,0,0,0,0,0,0,0,0,0,0,0
XSEM.TO,1.1,0,0,15.53,0,0,-0.23,0,0,-4.28,0,0
ZFL.TO,1.14,1.01,1.02,13.35,12.3,10.45,-1.17,-0.37,-0.05,-13.61,-5.15,-1.08
VSP.TO,1.18,1.21,1.02,17.92,19.06,15.02,0.46,0.42,0.67,6.03,5.43,9.28
NUBF.TO,0.35,0,0,5.21,0,0,-0.48,0,0,-7.62,0,0
VBAL.TO,1.14,1.19,0,9.64,9.98,0,0.12,0.29,0,0.6,2.09,0
XSB.TO,1.09,1.07,1.05,2.49,2.27,1.87,-1.27,-0.26,0.02,-2.88,-0.57,0.01
HSAV.TO,0,0,0,0.55,0,0,12.14,0,0,0,0,0
HXS.TO,0.95,0.97,0.98,13.87,14.63,12.56,0.66,0.65,1.06,9.05,9.28,13.6
HXS-U.TO,0,0,0,0,0,0,0,0,0,0,0,0
XQQ.TO,1.43,1.37,1.21,22.55,22.54,18.17,0.38,0.59,0.86,4.48,8.35,12.41
VDY.TO,1.03,0.92,0.93,15.81,16.69,13.21,0.89,0.46,0.55,13.69,7.08,7.19
XEQT.TO,1,0,0,13.16,0,0,0.52,0,0,6.23,0,0
FLCP.TO,1.03,0,0,6.27,0,0,-0.98,0,0,-6.03,0,0
ZUE.TO,1.18,1.21,1.02,17.9,18.99,14.97,0.46,0.42,0.67,5.92,5.38,9.24
XEG.TO,1.01,1.07,1.04,34.68,42.17,33,1.58,0.42,0.23,62.66,8.31,1.78
NSCE.TO,0.76,0,0,11.79,0,0,0.69,0,0,10.38,0,0
TCLB.TO,0.97,0,0,11.48,0,0,-1.14,0,0,-13.41,0,0
XGRO.TO,1.07,1.08,0.99,11.4,11.88,9.48,0.37,0.4,0.6,3.48,3.86,5.51
VEE.TO,0.96,0.98,0.98,13.52,14.52,13.32,-0.09,0.13,0.34,-2.2,0.86,3.75
ESGY.TO,0.97,0,0,14.3,0,0,0.67,0,0,9.38,0,0
ESGY-F.TO,0,0,0,0,0,0,0,0,0,0,0,0
XCB.TO,1.02,0.96,0.96,5.51,5.98,4.74,-0.91,-0.09,0.2,-4.94,-0.75,0.91
ZWU.TO,0.63,0.71,0.54,12.38,13.57,10.96,0.03,0.13,0.25,-0.52,1.22,4.05
NSCB.TO,0.97,0,0,5.89,0,0,-1.12,0,0,-6.88,0,0
ZWC.TO,0.88,0.88,0,12.75,14.93,0,0.62,0.24,0,8.69,2.82,0
ZQQ.TO,1.43,1.37,1.21,22.62,22.56,18.17,0.38,0.58,0.85,4.42,8.29,12.39
VXC.TO,0.99,1.01,0,12.94,13.74,0,0.47,0.45,0,5.5,5.37,0
XDV.TO,0.95,0.88,0.88,14.62,15.7,12.65,0.63,0.34,0.4,9.29,4.9,5.01
ZST-L.TO,0.06,0.1,0,0.64,0.58,0,-0.2,0.98,0,-0.78,3.86,0
ZST.TO,0.06,0.1,0.05,0.64,0.59,0.54,-0.2,0.95,1.1,-0.79,3.8,10.64
XEI.TO,1.02,1.03,1.02,15.55,18.06,14.03,0.88,0.4,0.42,13.4,5.67,4.99
VCE.TO,1,0.94,0.94,14.07,15.41,12.07,0.66,0.47,0.6,8.82,6.67,7.14
TTP.TO,1,0.99,0,13.98,16.09,0,0.64,0.42,0,8.52,5.76,0
ZCS-L.TO,1.1,1.14,0,2.64,2.84,0,-0.99,0,0,-2.35,-0.02,0
ZCS.TO,1.1,1.14,1.09,2.64,2.84,2.23,-0.99,0,0.3,-2.36,-0.02,0.6
REMD.NE,0,0,0,0,0,0,0,0,0,0,0,0
XIN.TO,0.89,1.01,0.88,13.81,14.97,12.61,0.73,0.36,0.5,10.92,4.36,6.4
XFN.TO,1,1.01,0.84,17.12,18.21,14.65,0.67,0.31,0.54,10.86,4.15,8.58
HXCN.TO,1,0,0,13.97,0,0,0.61,0,0,8.02,0,0
ZEM.TO,1.08,1.05,1.04,14.82,15.38,13.73,-0.16,0.07,0.3,-3.13,-0.11,3.17
QCN.TO,1,0.99,0,13.97,16.06,0,0.64,0.42,0,8.52,5.77,0
CACB.TO,1.03,0,0,5.58,0,0,-0.85,0,0,-4.7,0,0
RIIN.TO,0.91,0,0,12.03,0,0,0.42,0,0,5.08,0,0
TPE.TO,0.99,0.98,0,13.97,13.24,0,0.35,0.24,0,4.18,2.45,0
VSB.TO,1.05,1.04,1.02,2.4,2.2,1.82,-1.28,-0.25,0.03,-2.9,-0.57,0.03
VGG.TO,0.77,0.79,0.84,12.4,12.79,11.44,0.59,0.66,1.03,8.86,10.18,14.18
NHYB.TO,0.89,0,0,7.83,0,0,-0.05,0,0,-0.77,0,0
XSH.TO,1.11,1.15,1.1,2.65,2.86,2.24,-0.99,0.01,0.32,-2.34,0,0.64
ZMMK.TO,0,0,0,0,0,0,0,0,0,0,0,0
XFH.TO,0.86,1.01,0,13.3,15.03,0,0.77,0.39,0,11.66,4.82,0
TDB.TO,1,0.97,0,6.09,5.76,0,-1.12,-0.26,0,-6.85,-1.71,0
NREA.TO,0.92,0,0,13.12,0,0,0.34,0,0,4.07,0,0
XBAL.TO,1.14,1.16,1.01,9.68,9.75,7.5,0.18,0.37,0.54,1.11,2.78,3.82
ZGB.TO,1.1,1.04,0,6.67,6.22,0,-1.17,-0.29,0,-7.13,-1.92,0
ZFM.TO,1.16,0.97,0.98,7.26,6.51,5.47,-1.1,-0.31,-0.06,-6.91,-2.33,-0.48
ZDV.TO,0.94,0.97,0.96,13.79,16.53,12.93,0.75,0.36,0.4,10.76,4.91,4.69
VSC.TO,1.1,1.15,1.1,2.64,2.86,2.25,-0.99,0.01,0.31,-2.35,-0.02,0.61
RCDB.NE,1.02,0,0,2.38,0,0,-1.14,0,0,-2.64,0,0
CPD.TO,0.99,1,0.99,10.86,14.88,12.41,-0.05,-0.13,-0.01,-1.16,-3.1,-0.95
HPR.TO,1.07,1.08,1.03,11.75,16.26,12.94,0.19,-0.06,0.09,1.53,-2.14,0.29
XFR.TO,0.01,0.03,0.03,0.68,0.61,0.48,0.82,0.64,0.88,15.21,8.27,9.51
ZHY.TO,0.99,1.11,0.57,8.69,9.83,7.84,-0.16,-0.01,0.19,-1.82,-0.54,2.07
ZFS-L.TO,1.02,0.98,0,2.37,2.22,0,-1.44,-0.44,0,-3.28,-1.02,0
ZFS.TO,1.04,1,0.99,2.37,2.23,1.84,-1.49,-0.47,-0.25,-3.38,-1.1,-0.48
XGD.TO,1,1.03,1.03,28.98,32.58,34.86,-0.29,0.44,0.26,-11.86,9.62,3.16
XGB.TO,1.1,1.04,1.04,6.7,6.23,5.3,-1.17,-0.32,0,-7.12,-2.11,-0.12
CGL-C.TO,-0.07,-0.24,0.05,14.16,13.77,13.91,-0.09,0.64,0.39,31.24,-34.68,92.92
CGL.TO,0.04,-0.04,0.09,14.59,14.17,13.6,-0.15,0.51,0.16,-80.64,-186.68,14.2
FIE.TO,1.17,1.24,1.17,14.72,16.87,13.45,0.49,0.22,0.44,5.61,1.82,4.46
XRE.TO,1.01,1.12,0.81,19.35,20.56,15.84,0.25,0.08,0.3,3.17,-0.44,4.35
VBU.NE,0.67,0.5,0,6.37,5.83,0,-1.18,-0.33,0,-11.28,-4.22,0
PCOR.TO,0.46,0,0,5.01,0,0,-0.67,0,0,-7.59,0,0
MUB.TO,0.36,0.18,0,4.14,3.86,0,-0.86,-0.2,0,-9.96,-4.88,0
JAPN-B.TO,0.64,0.7,0,12.41,13.19,0,0.69,0.3,0,12.7,4.52,0
JAPN.TO,0.59,0.88,0,13.07,17.22,0,1.65,0.58,0,38.9,10.24,0
CDZ.TO,0.89,1,0.97,13.13,17.18,13.32,0.64,0.33,0.43,9.12,4.27,5.06
PFMN.TO,0,0,0,3.97,0,0,1.36,0,0,0,0,0
QBB.TO,1.02,0.97,0,6.19,5.78,0,-1.1,-0.26,0,-6.74,-1.7,0
FCGB.TO,0.54,0,0,5.95,0,0,-0.72,0,0,-8.23,0,0
XDIV.TO,0.81,0.85,0,12.79,15.22,0,1,0.48,0,16.11,7.66,0
ZDB.TO,1.07,1.02,0,6.52,6.07,0,-1.07,-0.22,0,-6.58,-1.53,0
XWD.TO,1.04,1,1.01,13.73,13.72,11.66,0.54,0.51,0.85,6.6,6.34,9.74
PDC.TO,0.92,0.89,0.88,13.89,15.7,12.34,0.66,0.36,0.5,9.64,5.12,6.31
PFIA.TO,0,0,0,3.4,0,0,0.23,0,0,0,0,0
VUS.TO,1.19,1.24,1.05,18.1,19.61,15.42,0.41,0.37,0.62,5.15,4.54,8.35
HSUV-U.TO,0.5,0,0,0.61,0,0,-0.34,0,0,-0.06,0,0
RTEC.NE,0,0,0,0,0,0,0,0,0,0,0,0
XLB.TO,1.04,1.01,1,12.05,11.6,9.77,-1.02,-0.25,0.09,-11.97,-3.54,0.45
FGO.TO,0.58,0.52,0,5.07,5.07,0,-1.23,-0.28,0,-10.92,-3.05,0
FGO-U.TO,0,0,0,0,0,0,0,0,0,0,0,0
CBO.TO,1.17,1.18,1.14,2.8,2.81,2.23,-1.06,-0.1,0.17,-2.52,-0.27,0.32
ZWP.TO,0.88,0.87,0,15.11,13.9,0,0.52,0.26,0,7.98,3.1,0
PFL.TO,0,0.02,0,0.64,0.53,0,0.74,0.71,0,31.27,9.77,0
QQC-F.TO,1.43,1.37,1.21,22.65,22.52,18.19,0.4,0.6,0.86,4.68,8.52,12.52
QQC.TO,0,0,0,0,0,0,0,0,0,0,0,0
PSU-U.TO,0.52,0.37,0,0.61,0.5,0,-0.15,0.6,0,-0.02,0.12,0
ZEQ.TO,0.87,0.88,0,16.35,15.27,0,0.44,0.5,0,7.22,7.82,0
BTCC-J.TO,0,0,0,0,0,0,0,0,0,0,0,0
BTCC-U.TO,0,0,0,0,0,0,0,0,0,0,0,0
BTCC.TO,0,0,0,0,0,0,0,0,0,0,0,0
BTCC-B.TO,0,0,0,0,0,0,0,0,0,0,0,0
VBG.NE,0.57,0.39,0,5.59,5.15,0,-1.23,-0.49,0,-11.99,-6.85,0
QDX.TO,0.99,0.98,0,13.96,13.22,0,0.35,0.23,0,4.18,2.27,0
HTB-U.TO,1.05,1.25,0,7.89,9.97,0,-1.16,-0.06,0,-8.75,-0.86,0
HTB.TO,0,0,0,0,0,0,0,0,0,0,0,0
CMR.TO,0,0,0,0.57,0.46,0.35,-3.43,-1.8,-2.18,0,0,0
ZDM.TO,0.91,1.02,0.88,13.92,14.88,12.51,0.74,0.39,0.54,10.95,4.8,7
ZJPN.TO,0,0,0,0,0,0,0,0,0,0,0,0
ZBK.TO,1.35,1.48,0,27.68,28.81,0,0.26,0.03,0,2.53,-2.34,0
ZWE.TO,0.8,0.86,0,14.43,14.67,0,0.72,0.33,0,12.53,4.53,0
SITU.NE,0,0,0,0,0,0,0,0,0,0,0,0
DXG.TO,0.69,0.81,0,12.51,13.91,0,-0.08,0.51,0,-2.63,7.89,0
HISU-U.TO,0,0,0,0,0,0,0,0,0,0,0,0
DGRC.TO,0.9,0.93,0,13.14,15.55,0,0.66,0.45,0,9.27,6.53,0
MFT.TO,0.18,0.58,0,3.82,6.88,0,0.48,0.09,0,10.11,0.68,0
XIT.TO,1.73,1.57,1.34,26.76,26.59,20.94,0.16,0.66,0.88,0.56,9.85,13.18
ZEF.TO,0.61,0.68,0.33,7.11,7.37,6.27,-0.93,-0.33,0.09,-10.91,-4,1.08
XHC.TO,0.8,0.82,0.81,13.77,14.26,12.54,0.4,0.42,0.7,6,6.25,10.35
MINT-B.TO,0.98,0.98,0,13.82,13.26,0,0.41,0.24,0,5.09,2.4,0
MINT.TO,0.86,1,0,13.22,14.67,0,0.84,0.4,0,12.7,4.94,0
BND.TO,0.35,0.01,0,5.81,7.17,0,-0.26,-0.04,0,-4.87,-41.35,0
ZGI.TO,0.99,1.03,1.02,13.75,14.05,12.29,0.4,0.35,0.61,4.91,4.04,6.95
VGH.TO,1,1.03,0.87,16.38,16.93,13.61,0.39,0.41,0.63,5.31,5.52,9.19
VEF.TO,0.9,1.03,0.88,13.88,15.21,12.61,0.67,0.34,0.49,9.76,4.08,6.36
CLG.TO,0.67,0.58,0.59,4.27,3.86,3.27,-1.16,-0.29,0.01,-7.46,-2.05,-0.04
MNY.TO,0,0,0,0,0,0,0,0,0,0,0,0
WSRI.TO,0.8,0,0,12.58,0,0,0.63,0,0,9.43,0,0
WXM.TO,0.86,1.05,1.01,14.2,18.7,14.5,0.35,0.33,0.52,4.78,4.37,6.74
HMAX.TO,0,0,0,0,0,0,0,0,0,0,0,0
NINT.TO,0,0,0,0,0,0,0,0,0,0,0,0
IFRF.TO,0.06,0,0,3.41,0,0,0.19,0,0,9.99,0,0
ZUQ-U.TO,0,0,0,0,0,0,0,0,0,0,0,0
ZUQ-F.TO,1.25,0,0,19.12,0,0,0.41,0,0,5.13,0,0
ZUQ.TO,1.02,0.97,0,15.64,15.28,0,0.57,0.75,0,7.86,11.37,0
RGPM.NE,0,0,0,0,0,0,0,0,0,0,0,0
ZRE.TO,0.99,1.1,0.77,18.94,20.28,15.46,0.24,0.14,0.36,2.97,0.72,5.83
CLF.TO,1.18,1.12,1.11,2.7,2.47,2.03,-1.27,-0.35,-0.1,-2.93,-0.8,-0.21
MKB.TO,0.93,0.95,0,5.76,5.68,0,-1.15,-0.18,0,-7.1,-1.24,0
HEB.TO,0,0,0,0,0,0,0,0,0,0,0,0
RPF.TO,1.09,1.1,0,12.02,16.53,0,0.08,-0.12,0,0.26,-3.07,0
DXP.TO,1.03,0.99,0,11.42,15,0,0.4,0.03,0,4.03,-0.75,0
WSRD.TO,1.05,0,0,15.55,0,0,-0.13,0,0,-3,0,0
CCRE.TO,0,0,0,0,0,0,0,0,0,0,0,0
RIT.TO,0.97,1.03,0.72,17.5,18.33,13.81,0.18,0.13,0.49,1.74,0.71,8.34
NSAV.NE,0,0,0,0,0,0,0,0,0,0,0,0
CBIL.TO,0,0,0,0,0,0,0,0,0,0,0,0
QUIG.TO,0.82,0.77,0,7.86,7.76,0,-0.89,-0.12,0,-8.78,-1.66,0
CPLS.TO,0,0,0,0,0,0,0,0,0,0,0,0
RQO.TO,0.66,0,0,3.9,0,0,-1.1,0,0,-6.43,0,0
HXDM-U.TO,0,0,0,0,0,0,0,0,0,0,0,0
HXDM.TO,0.99,0.99,0,14.15,13.41,0,0.33,0.21,0,3.91,1.97,0
HXQ-U.TO,1.23,1.13,0,19.84,18.91,0,0.48,0.78,0,6.43,12.41,0
HXQ.TO,0,0,0,0,0,0,0,0,0,0,0,0
QEBL.TO,0.77,0,0,7.98,0,0,-0.5,0,0,-5.48,0,0
VCNS.TO,0.96,0.96,0,8.16,8.13,0,-0.2,0.16,0,-2.1,1.02,0
FSF.TO,1.35,1.47,0,22.4,25.6,0,0.66,0.2,0,9.98,1.2,0
PMNT.TO,0.05,0,0,0.98,0,0,-0.48,0,0,-7.08,0,0
XSU.TO,1.34,1.34,1.2,22.33,24.55,19.74,0.27,0.08,0.3,2.85,-0.87,3.46
ZUB.TO,1.58,1.72,1.55,30.42,32.5,26.37,0.21,-0.02,0.23,1.02,-3.66,1.56
RQN.TO,1.08,1.36,0,2.75,3.62,0,-1.08,0.33,0,-2.65,0.86,0
MKC.TO,0.8,0.94,0,12.2,16.38,0,0.4,0.42,0,5.49,6.21,0
ZCM.TO,1.17,1.06,1.08,6.39,6.71,5.39,-0.84,-0.03,0.25,-4.7,-0.43,1.14
HYLD.TO,0,0,0,0,0,0,0,0,0,0,0,0
HYLD-U.TO,0,0,0,0,0,0,0,0,0,0,0,0
NALT.TO,0,0,0,6.94,0,0,0.81,0,0,0,0,0
HULC-U.TO,0,0,0,0,0,0,0,0,0,0,0,0
HULC.TO,0.96,0,0,14.08,0,0,0.6,0,0,8.24,0,0
ZDI.TO,0.99,1.05,0,14.74,15.28,0,0.7,0.26,0,9.92,2.77,0
FCIQ.TO,1.03,0,0,15.68,0,0,0.01,0,0,-1.06,0,0
QTIP.NE,0.51,0.35,0,6.89,6.08,0,-0.6,0,0,-8.68,-0.54,0
XTR.TO,0.85,0.99,0.94,7.76,9.5,7.38,0.22,0.17,0.36,1.78,1.21,2.63
HFR.TO,0.3,0.37,0.28,1.51,2.63,1.95,0.18,0.33,0.52,0.75,2.26,3.53
HCAL.TO,0,0,0,0,0,0,0,0,0,0,0,0
QCB.NE,1,0.88,0,5.36,5.51,0,-0.9,-0.1,0,-4.93,-0.79,0
QBTL.TO,0,0,0,17.26,0,0,-0.38,0,0,0,0,0
CDIV.TO,0,0,0,0,0,0,0,0,0,0,0,0
VDU.TO,1,1.03,1,14.26,13.99,12.32,0.31,0.21,0.46,3.59,1.96,5.1
XHY.TO,0.97,1.04,0.54,8.62,9.27,7.38,-0.13,0,0.23,-1.53,-0.38,2.67
RQL.TO,0.71,1.04,0,2.28,3.28,0,-0.61,0.45,0,-1.91,1.41,0
COW.TO,1.01,1.1,1,21.86,20.7,16.3,0.75,0.54,0.63,15.22,8.77,9.39
DXDB.TO,0,0,0,0,0,0,0,0,0,0,0,0
CUEI.TO,0,0,0,0,0,0,0,0,0,0,0,0
PSB.TO,1.23,1.24,1.18,2.96,3.1,2.43,-0.9,-0.02,0.24,-2.18,-0.1,0.48
ZLI.TO,0.84,0.78,0,12.66,11.48,0,0.03,0.01,0,-0.4,-0.64,0
XSUS.TO,1.01,0,0,14.67,0,0,0.53,0,0,6.94,0,0
ZUT.TO,0.56,0.59,0.5,13.86,14.4,12.16,-0.2,0.5,0.56,-6.65,11.01,12.88
ZGQ.TO,1.07,1.01,0,14.97,14.51,0,0.44,0.67,0,5.28,9.16,0
XRB.TO,1,0.98,0.99,10.15,9.29,8.3,-0.81,-0.23,0.03,-8.61,-2.61,-0.06
HDIV.TO,0,0,0,0,0,0,0,0,0,0,0,0
CINF.TO,0.91,0,0,11.9,0,0,0.46,0,0,5.54,0,0
IGCF.TO,0.84,0.79,0,7.58,7.87,0,-0.97,-0.23,0,-8.87,-2.66,0
MEME-B.TO,1.01,0,0,13.8,0,0,0.07,0,0,0.12,0,0
XESG.TO,1.02,0,0,14.26,0,0,0.57,0,0,7.48,0,0
FLSD.TO,1,0,0,2.41,0,0,-0.92,0,0,-2.22,0,0
CUD.TO,0.93,1.02,0.85,17.18,18.25,14.41,0.46,0.22,0.5,7.49,2.42,7.59
CBH.TO,0.72,0.62,0.65,4.05,4.04,3.31,-1.02,-0.1,0.2,-5.72,-0.75,0.98
ZUH.TO,1.12,1.17,1.07,17.65,19,16.12,-0.03,0.16,0.58,-1.91,1.16,7.86
FLGA.TO,0.5,0.32,0,4.94,5.35,0,-1.2,-0.2,0,-11.75,-3.95,0
CIF.TO,0.89,1.07,0.91,13.21,15.44,12.54,1.09,0.63,0.6,16.58,8.38,7.7
ZPS.TO,1.16,1.13,1.13,2.64,2.41,2.02,-1.34,-0.36,-0.04,-3.05,-0.8,-0.1
HDIF.TO,0,0,0,0,0,0,0,0,0,0,0,0
CAFR.TO,0.06,0,0,0.77,0,0,0.59,0,0,3.64,0,0
MWD.TO,0.78,0.82,0,11.13,11.98,0,-0.13,0.14,0,-2.66,1.25,0
PGL.NE,1.08,1.03,1.03,12.6,11.87,10.12,-1.09,-0.3,0.05,-12.68,-4.12,-0.04
FBAL.NE,0,0,0,0,0,0,0,0,0,0,0,0
MCLC.TO,0.98,0.96,0,13.9,15.86,0,0.84,0.45,0,11.78,6.36,0
HAB.TO,1,0.96,0.96,5.4,5.96,4.7,-0.9,-0.08,0.24,-4.89,-0.69,1.07
XQB.TO,0.94,0.91,0.89,5.74,5.44,4.5,-1.13,-0.25,0.07,-6.88,-1.66,0.27
NGPE.TO,0,0,0,23.4,0,0,0.53,0,0,0,0,0
FXM.TO,0.97,1.19,1.16,15.56,21.56,16.75,0.84,0.43,0.39,13.29,6.16,4.61
VVL.TO,1.06,1.29,0,17.24,20.48,0,0.98,0.31,0,15.94,3.38,0
CGBI.TO,0,0,0,0,0,0,0,0,0,0,0,0
ZWK.TO,1.34,0,0,27.87,0,0,0.16,0,0,0.35,0,0
XGGB.NE,0.57,0.49,0,5.13,4.82,0,-1.4,-0.4,0,-12.6,-4.24,0
FCSI.TO,0,0,0,0,0,0,0,0,0,0,0,0
VRIF.TO,0.94,0,0,8.13,0,0,-0.06,0,0,-0.84,0,0
CWW.TO,1.16,1,0.96,17,15.46,12.83,0.31,0.5,0.77,3.52,6.84,9.94
PFLS.TO,0,0,0,9.81,0,0,1.06,0,0,0,0,0
RQP.TO,0.83,0,0,4.73,0,0,-0.97,0,0,-5.56,0,0
IGB.TO,0.35,0,0,5.78,7.02,0,-0.31,-0.19,0,-5.58,454.52,0
ZMP.TO,1.08,0.96,0.97,6.73,6.01,5.12,-0.98,-0.18,0.13,-6.19,-1.34,0.55
XEU.TO,0.98,0.98,0,16.31,15.24,0,0.38,0.26,0,5.24,2.98,0
FCUQ-U.TO,0,0,0,0,0,0,0,0,0,0,0,0
FCUQ.TO,0.99,0,0,15.14,0,0,0.7,0,0,10.23,0,0
NRGI.NE,0,0,0,0,0,0,0,0,0,0,0,0
ZMBS.TO,0,0,0,1.94,0,0,-1.43,0,0,0,0,0
ZTL-F.NE,1.55,0,0,14.47,0,0,-1.34,0,0,-12.19,0,0
FCGS-U.NE,0,0,0,0,0,0,0,0,0,0,0,0
FCGS.NE,0,0,0,0,0,0,0,0,0,0,0,0
TERM.TO,0,0,0,0,0,0,0,0,0,0,0,0
FCCB.TO,1,0,0,6.13,0,0,-1.14,0,0,-6.95,0,0
VI.TO,0.88,1.04,0,13.67,15.49,0,0.72,0.36,0,10.82,4.38,0
VXM-B.TO,0.9,1.04,0,14.33,15.76,0,0.62,0.05,0,9.12,-0.39,0
VXM.TO,0.79,1.08,0,14.16,18.11,0,1.11,0.26,0,20.44,2.84,0
VRE.TO,1.04,1.15,0.84,19.74,21.4,16.34,0.23,0.07,0.31,2.69,-0.86,4.5
ZDJ.TO,1.03,1.1,0.94,17.62,18.64,15.03,0.37,0.28,0.58,5.05,3.21,8.55
VCB.TO,0.93,0.88,0,5.02,5.45,0,-0.9,-0.06,0,-4.92,-0.54,0
PLDI.TO,0.15,0,0,3.03,0,0,-0.17,0,0,-3.74,0,0
FIG.TO,0.58,0.59,0.4,5.1,5.25,4.31,-1.26,-0.3,0.09,-11.04,-2.97,0.78
FIG-U.TO,0,0,0,0,0,0,0,0,0,0,0,0
HAZ.TO,0.81,0.77,0.83,12.18,12.01,10.94,0.57,0.62,0.88,8,9.12,11.49
HQU.TO,0,0,0,44.88,45.76,37.05,0.33,0.53,0.78,0,0,0
ETHX-B.TO,0,0,0,0,0,0,0,0,0,0,0,0
ETHX-U.TO,0,0,0,0,0,0,0,0,0,0,0,0
ZLC.TO,0.95,0.99,0.93,11.27,11.82,9.59,-0.79,-0.13,0.2,-9.69,-2.24,1.57
SITB.NE,0,0,0,0,0,0,0,0,0,0,0,0
MHYB.NE,0.72,0.8,0,5.95,6.86,0,-0.28,0.09,0,-2.56,0.48,0
DRFC.TO,0.9,0.97,0,13.03,16.15,0,1.01,0.4,0,14.88,5.52,0
RTA.NE,0.54,0.52,0,7.54,7.8,0,0.19,0.52,0,2.15,7.55,0
QEBH.TO,0.86,0,0,9.04,0,0,-0.73,0,0,-8,0,0
RIRA.TO,0.66,0,0,11.2,0,0,0.19,0,0,2.45,0,0
HSH.TO,1.16,1.2,0,17.61,18.87,0,0.47,0.45,0,6.19,5.86,0
NBND.NE,0,0,0,0,0,0,0,0,0,0,0,0
UBIL-U.TO,0,0,0,0,0,0,0,0,0,0,0,0
RBNK.TO,0.99,1.01,0,17.9,18.96,0,0.63,0.26,0,10.59,3.32,0
SITI.NE,0,0,0,0,0,0,0,0,0,0,0,0
XBM.TO,1.26,1.03,1.07,31.89,31.95,29.58,0.78,0.46,0.36,17.68,10.04,6.2
TPRF.TO,1.17,0,0,13.21,0,0,0.48,0,0,4.92,0,0
DXQ.TO,0,0,0,0,0,0,0,0,0,0,0,0
QIF.NE,0.93,0.96,0,12.28,12.47,0,0.28,0.3,0,3.09,3.17,0
ZEO.TO,0.75,0.85,0.84,25.87,33.69,26.87,1.48,0.4,0.2,56.92,9.28,1.88
XMD.TO,0.84,0.8,0.75,14.45,19.75,15.11,0.52,0.29,0.34,8.19,4.74,5.41
XEM.TO,1.07,1.02,1,15.09,15.28,13.57,-0.24,-0.02,0.26,-4.4,-1.35,2.62
ESG.TO,1,0,0,14.71,0,0,0.68,0,0,9.52,0,0
ESG-F.TO,1.2,0,0,18.28,0,0,0.52,0,0,6.86,0,0
DGR-B.TO,0.75,0.82,0,12.28,13.28,0,0.77,0.69,0,12.4,10.79,0
DGR.TO,0.97,1.06,0,16.02,17.4,0,0.54,0.45,0,8.08,6.2,0
HEQT.TO,1.22,0,0,16.45,0,0,0.41,0,0,4.64,0,0
XUH.TO,1.15,1.25,0,17.58,19.83,0,0.47,0.38,0,6.26,4.68,0
IQD.TO,0.93,1,0,14.36,14.77,0,0.42,0.43,0,5.74,5.42,0
IQD-B.TO,1.05,1,0,15.84,14.53,0,0.12,0.29,0,0.62,3.31,0
ZZZD.TO,0.73,0,0,9.74,0,0,0.22,0,0,2.33,0,0
VCIP.TO,1.08,0,0,6.93,0,0,-0.65,0,0,-4.35,0,0
XHB.TO,0.94,1.02,0.99,5.11,6.46,5,-0.71,0.04,0.35,-3.98,0.03,1.69
WSGB.NE,0,0,0,0,0,0,0,0,0,0,0,0
ZWG.TO,0.77,0,0,11.51,0,0,0.47,0,0,6.4,0,0
XST.TO,0.56,0.5,0.46,14.1,13.82,12.17,0.47,0.66,0.89,10.7,17.42,23.16
XUT.TO,0.56,0.55,0.48,12.92,13.47,11.86,-0.18,0.45,0.51,-5.71,9.85,11.69
ZPL.TO,1.05,1.03,1.02,12.18,11.8,10.05,-1.05,-0.27,0.09,-12.33,-3.78,0.4
DCU.TO,1.02,0.99,0,6.16,5.86,0,-1.12,-0.26,0,-6.83,-1.7,0
ZWA.TO,0.95,1.04,0.87,16.28,17.55,13.98,0.4,0.27,0.54,5.87,3.18,7.81
FCUV.TO,0.93,0,0,15.26,0,0,1.19,0,0,20.27,0,0
XHD.TO,0.76,0.93,0.74,16.1,18.05,14.19,0.52,0.2,0.42,10.01,2.16,6.9
ZGRO.TO,1.05,0,0,11.17,0,0,0.36,0,0,3.41,0,0
ZGRO-T.TO,0,0,0,0,0,0,0,0,0,0,0,0
FLAM.NE,0.99,0,0,14.42,0,0,0.58,0,0,7.85,0,0
FBGO.TO,0,0,0,0,0,0,0,0,0,0,0,0
PFAA.TO,0,0,0,0,0,0,0,0,0,0,0,0
XHU.TO,0.56,0.69,0,12.42,13.85,0,0.73,0.36,0,15.75,6.06,0
ZDH.TO,0.9,1.04,0,14.16,16.34,0,1.01,0.37,0,16.2,4.69,0
PXC.TO,1.04,1.03,1.05,15.34,17.6,13.96,0.98,0.41,0.51,14.73,5.79,6.1
HNU.TO,0,0,0,142.86,129.17,100.53,0.09,-0.12,-0.29,0,0,0
CEW.TO,0.96,1.04,0.88,16.56,18.83,15.44,0.81,0.39,0.57,13.7,5.5,9.06
XMV.TO,0.79,0.79,0.78,11.82,13.51,10.53,0.74,0.52,0.68,10.92,8.08,8.88
ZFN.TO,0.35,0,0,10.57,0,0,0.41,0,0,11.19,0,0
MGSB.NE,0,0,0,0,0,0,0,0,0,0,0,0
FLUR.NE,1.14,0,0,16.37,0,0,0.3,0,0,3.27,0,0
ZWS.TO,0.93,1.04,0,16.07,17.99,0,0.52,0.26,0,8.02,2.97,0
HAC.TO,0,0,0,12,14.29,11.04,0.67,0.29,0.53,0,0,0
FLCD.NE,1,0,0,13.99,0,0,0.64,0,0,8.46,0,0
XPF.TO,0.89,0.82,0.75,10.84,13,10.02,-0.22,-0.12,0.07,-3.31,-3,0.31
CGR.TO,0.96,0.94,0.93,15.62,15.04,13.93,-0.07,-0.04,0.31,-2.47,-1.9,3.69
ZGSB.TO,0.63,0.13,0,8.01,9.05,0,-0.51,-0.06,0,-6.94,-7.93,0
WSHR.NE,0,0,0,0,0,0,0,0,0,0,0,0
FCUD.TO,0.81,0.96,0,13.59,16.77,0,0.91,0.38,0,15.33,5.48,0
ZBAL.TO,1.14,0,0,9.65,0,0,0.13,0,0,0.74,0,0
ZBAL-T.TO,0,0,0,0,0,0,0,0,0,0,0,0
XSEA.TO,1.01,0,0,14.21,0,0,0.36,0,0,4.27,0,0
CIC.TO,0.88,0.94,0.77,15.88,17.43,14.36,0.55,0.18,0.45,9.09,1.85,7.42
XMW.TO,0.55,0.54,0.63,9.14,9.28,9.22,0.18,0.32,0.86,2.29,4.74,12.62
FCCD.TO,1.04,1.04,0,15.47,17.81,0,0.63,0.24,0,8.84,2.7,0
VE.TO,0.99,0.99,0,16.48,15.35,0,0.38,0.26,0,5.2,2.93,0
DXC.TO,0.85,0.77,0,12.15,12.94,0,0.78,0.62,0,11.06,9.97,0
FEQT.NE,0,0,0,0,0,0,0,0,0,0,0,0
TQCD.TO,0.91,0,0,13.61,0,0,0.87,0,0,13.01,0,0
HUTL.TO,0.69,0,0,12.92,0,0,0.25,0,0,3.58,0,0
XSTP-U.TO,0,0,0,0,0,0,0,0,0,0,0,0
XSTP.TO,0,0,0,0,0,0,0,0,0,0,0,0
XSTH.TO,0,0,0,0,0,0,0,0,0,0,0,0
XCSR.TO,0.99,0,0,14.36,0,0,0.4,0,0,4.9,0,0
CCEI.TO,0,0,0,0,0,0,0,0,0,0,0,0
PDF.TO,0.72,0.83,0.7,13.42,14.99,11.8,0.57,0.36,0.55,10.12,5.43,8.61
IWBE.TO,0,0,0,0,0,0,0,0,0,0,0,0
RQQ.TO,0,0,0,0,0,0,0,0,0,0,0,0
FCIV.TO,1.08,0,0,16.79,0,0,0.79,0,0,11.82,0,0
MHCD.TO,0.65,0.67,0,13.33,13.48,0,0.25,0.26,0,3.88,4.09,0
XUSR.TO,1.02,0,0,15.11,0,0,0.52,0,0,6.87,0,0
TLV.TO,0.77,0.7,0.68,11.99,13.18,10.23,0.13,0.14,0.5,1.17,1.51,7.02
XSE.TO,0.59,0.36,0,5.91,6.59,0,-1.12,-0.21,0,-11.34,-4.47,0
ILGB.TO,0,0,0,0,0,0,0,0,0,0,0,0
BPRF-U.TO,0,0,0,0,0,0,0,0,0,0,0,0
BPRF.TO,0.48,0,0,8.06,0,0,-0.34,0,0,-6.46,0,0
QSB.TO,1.03,0.99,0,2.38,2.12,0,-1.24,-0.29,0,-2.84,-0.65,0
HSD.TO,0,0,0,34.88,35.47,27.97,-0.57,-0.68,-0.95,0,0,0
FGRO.NE,0,0,0,0,0,0,0,0,0,0,0,0
CCOM.TO,0,0,0,0,0,0,0,0,0,0,0,0
CCDN.NE,0,0,0,0,0,0,0,0,0,0,0,0
XIG.TO,1.12,1,0.57,10.43,9.87,7.69,-0.79,-0.13,0.09,-7.66,-1.77,0.77
FCIG-U.TO,0,0,0,0,0,0,0,0,0,0,0,0
FCIG.TO,0.56,0,0,5.7,0,0,-1.04,0,0,-10.8,0,0
IDIV-B.TO,0,0,0,0,0,0,0,0,0,0,0,0
CROP.TO,0,0,0,0,0,0,0,0,0,0,0,0
HBAL.TO,1.19,1.15,0,12.93,12.95,0,0.16,0.33,0,1.1,3.14,0
XMI.TO,0.69,0.64,0.7,10.94,9.84,10.04,-0.04,-0.02,0.5,-1.52,-1.13,6.74
ZSB.TO,1.09,1.06,0,2.49,2.26,0,-1.29,-0.28,0,-2.93,-0.62,0
FCSW.NE,0.94,0,0,12.5,0,0,0.55,0,0,6.88,0,0
ZSU.TO,0.33,0.32,0,3.21,3.47,0,-1.08,-0.2,0,-10.58,-2.37,0
USCC.TO,0,0,0,0,0,0,0,0,0,0,0,0
USCC-U.TO,0.83,0.83,0.82,12.81,13.08,10.98,0.68,0.56,0.92,10.14,8.25,12.18
UMAX.TO,0,0,0,0,0,0,0,0,0,0,0,0
XMA.TO,0.92,0.9,1,22.16,25.7,24.7,-0.02,0.38,0.24,-3.02,7.77,3.01
CYH.TO,0.94,1.08,0.88,15.99,17.74,13.51,0.58,0.16,0.38,9.07,1.18,4.85
WOMN.TO,0.93,0.92,0,13.81,14.25,0,0.3,0.42,0,3.65,5.66,0
XEH.TO,0.85,0.97,0,15.28,16.62,0,0.65,0.34,0,11.04,4.62,0
DRFU.TO,0.9,0.91,0,13.65,14.2,0,0.45,0.44,0,6.18,5.98,0
FCNS.NE,0,0,0,0,0,0,0,0,0,0,0,0
VGAB.NE,0.62,0,0,5.81,0,0,-1.24,0,0,-11.58,0,0
NPRF.TO,1.05,0,0,11.68,0,0,0.28,0,0,2.53,0,0
CIE.NE,1.01,1.05,1.01,15.1,14.87,12.78,0.67,0.25,0.47,9.43,2.65,5.35
DXV.TO,0.13,0.21,0,1.23,1.86,0,0.42,0.48,0,3.15,4.26,0
FCSB.TO,1,0,0,2.43,0,0,-0.99,0,0,-2.36,0,0
DXU.TO,0.69,0.82,0,13.49,15,0,0.02,0.44,0,-0.97,7.05,0
MCSM.TO,0.84,0.87,0,14.43,20.97,0,0.7,0.42,0,11.63,8.09,0
NSCC.TO,0,0,0,0,0,0,0,0,0,0,0,0
QGB.NE,0.63,0,0,6.05,0,0,-0.99,0,0,-9.66,0,0
HAL.TO,0.88,0.88,0.87,13.43,15.39,12.03,0.53,0.36,0.57,7.41,5.01,7.37
HBA.TO,1,0,0,21.02,0,0,0.85,0,0,17.39,0,0
XCS.TO,1.12,1.03,1.02,19.5,25.16,20.15,0.49,0.22,0.24,7.29,2.27,2.76
VLB.TO,1.04,1,0,12.08,11.52,0,-1.03,-0.26,0,-12.08,-3.6,0
TULB.TO,1.44,0,0,11.25,0,0,-1.34,0,0,-10.34,0,0
XSAB.TO,1.01,0,0,6.14,0,0,-1.15,0,0,-7.02,0,0
XMH.TO,1.26,1.28,0,20.51,23.16,0,0.5,0.22,0,6.97,1.94,0
DRMU.TO,1,0.96,0,14.75,14.63,0,0.48,0.65,0,6.21,9.3,0
PRA.TO,0.56,0.67,0.42,14.15,15.87,12.98,1.02,0.5,0.32,26.56,10.57,8.17
QUS.TO,0.91,0.94,0,13.43,14.39,0,0.5,0.5,0,6.7,6.9,0
RLB.TO,1.17,1.2,0,2.74,2.72,0,-1.22,-0.16,0,-2.84,-0.41,0
HEWB.TO,0.98,0,0,17.68,0,0,0.67,0,0,11.31,0,0
RCD.TO,0.95,0.93,0,13.58,15.5,0,0.8,0.4,0,11.26,5.54,0
RBO.TO,1.16,1.21,0,2.78,2.97,0,-1.16,-0.11,0,-2.75,-0.31,0
ZUD.TO,0.91,1.04,0.84,15.96,18.25,14.23,0.53,0.19,0.52,8.49,1.77,7.93
MGB.TO,0.52,0.32,0,5.31,4.68,0,-1.13,-0.38,0,-11.54,-5.79,0
HSU.TO,0,0,0,35.3,38.4,30.35,0.42,0.37,0.6,0,0,0
BESG.TO,1.14,1.1,1.03,7.19,6.82,5.46,-1,-0.24,0.05,-6.38,-1.69,0.13
PXU-F.TO,1.04,1.18,0.97,18.01,20.15,15.8,0.64,0.33,0.52,10.29,4.04,7.59
XDSR.TO,1.02,0,0,14.63,0,0,0.19,0,0,1.72,0,0
HQD.TO,0,0,0,44.3,43.02,34.37,-0.53,-0.85,-1.13,0,0,0
HQD-U.TO,0,0,0,0,0,0,0,0,0,0,0,0
ZID.TO,0.7,0.92,1.12,15.93,21.61,20.87,0.86,0.52,0.72,19.3,10.22,12.34
XEB.TO,1.08,1.13,0.66,11.68,12.81,9.97,-0.68,-0.25,-0.01,-7.77,-3.59,-0.96
RPS.NE,1.18,1.14,0,13.41,17.57,0,0.36,-0.04,0,3.57,-2.02,0
MUS.TO,0.8,0.85,0,12.61,13.69,0,-0.01,0.24,0,-1.19,2.89,0
CLU.NE,1.04,1.17,0.96,17.9,20.06,15.72,0.62,0.32,0.51,9.93,3.86,7.36
TQSM.TO,0.72,0,0,12.62,0,0,1.02,0,0,18.32,0,0
SVR-C.TO,0.2,0.43,0.52,26.05,28.99,24.51,0.01,0.42,0.18,-14.78,20.32,3.08
SVR.TO,0.31,0.63,0.56,27.28,31.37,26.25,-0.03,0.34,0.04,-13.87,10.26,-3.95
CGRE.TO,0.93,0,0,15.34,0,0,0.04,0,0,-0.53,0,0
PINC.TO,1.02,1.33,0,10.32,13.73,0,0.24,0.06,0,2.03,-0.17,0
TINF.TO,0.93,0,0,12.5,0,0,0.34,0,0,3.93,0,0
QEF.NE,0.98,0.98,0,13.03,13.49,0,0.39,0.43,0,4.42,5.21,0
QCE.TO,0.98,0.93,0,13.81,15.15,0,0.61,0.43,0,8.09,6.1,0
XEN.TO,1.04,1,1,14.91,16.61,13.07,0.74,0.34,0.52,10.19,4.41,6.19
ZCB.TO,1.02,0.96,0,5.5,5.97,0,-0.93,-0.09,0,-5.08,-0.73,0
FCCV.TO,1.1,0,0,16.5,0,0,0.94,0,0,14,0,0
FHIS.TO,0,0,0,0,0,0,0,0,0,0,0,0
HBNK.TO,0,0,0,0,0,0,0,0,0,0,0,0
VIDY.TO,0.95,0.97,0,14.43,14.08,0,0.78,0.33,0,11.49,3.88,0
XCNS.TO,0.95,0,0,8.09,0,0,-0.12,0,0,-1.41,0,0
RUDH.TO,1.11,1.18,0,17.52,19.08,0,0.55,0.42,0,7.72,5.48,0
DXB.TO,1,0.96,0,6.18,5.86,0,-1.04,-0.21,0,-6.51,-1.44,0
CVD.TO,0.04,0.52,0.25,4.65,8.27,6.27,0.15,0.11,0.34,17.36,1.11,8.05
HLIF.TO,0,0,0,0,0,0,0,0,0,0,0,0
HFIN.TO,0,0,0,0,0,0,0,0,0,0,0,0
MREL.TO,0.99,0.97,0.8,16.9,16.32,13.16,0.16,0.16,0.47,1.29,1.29,6.87
DRFD.TO,0.91,0.92,0,12.89,12.44,0,0.21,0.14,0,2.09,1.06,0
GRNI.TO,0,0,0,0,0,0,0,0,0,0,0,0
HRAA.TO,0,0,0,7.48,0,0,0.57,0,0,0,0,0
NACO.NE,0,0,0,0,0,0,0,0,0,0,0,0
GDPY.TO,1.02,0,0,14.8,0,0,0.38,0,0,4.62,0,0
DRFE.TO,0.97,0,0,13.6,0,0,0.34,0,0,4.07,0,0
ZLH.TO,0.66,0.75,0,13.67,14.41,0,0.36,0.38,0,6.4,6.2,0
XSTB.TO,1.03,0,0,2.35,0,0,-1.33,0,0,-3.02,0,0
HOD.TO,0,0,0,57.34,89.64,76.73,-1.52,-0.16,0.01,0,0,0
HXX.TO,1.2,1.16,0,20.39,18.45,0,0.43,0.33,0,5.93,3.95,0
ZRR.TO,1.03,1.01,1.01,10.49,9.57,8.5,-0.82,-0.23,0.04,-8.62,-2.64,-0.04
FCUL.TO,0.67,0,0,11.72,0,0,0.55,0,0,9.13,0,0
MINN.TO,1.43,1.34,0,23.09,21.89,0,0.21,0.45,0,1.55,5.86,0
ZVU.TO,0.89,0.98,0,16.09,17.41,0,0.57,0.22,0,9.46,2.43,0
ETHI.TO,1.4,0,0,18.86,0,0,0.28,0,0,2.61,0,0
HOU.TO,0,0,0,62.91,87.16,73.37,1,-0.07,-0.27,0,0,0
XCV.TO,1.06,1.03,1.03,16.19,17.96,14.05,0.92,0.38,0.48,14.12,5.25,5.73
HMMJ.TO,2.17,2.1,0,51.58,49.94,0,-0.36,-0.64,0,-12.14,-17.09,0
TLF.TO,1.5,1.49,1.26,22.67,22.62,18.26,0.45,0.61,0.77,5.43,8.15,10.62
BGU-U.TO,0,0,0,0,0,0,0,0,0,0,0,0
BGU.TO,0.95,0.98,0,15.03,15.73,0,0.44,0.58,0,6.12,8.54,0
HGU.TO,0,0,0,55.41,69.46,72.88,-0.4,0.38,0.21,0,0,0
TQGD.TO,0.86,0,0,12.68,0,0,0.87,0,0,12.83,0,0
HXE.TO,1.02,1.08,1.05,34.75,42.33,33.11,1.59,0.43,0.24,63.1,8.47,1.97
ESGA.TO,1.08,0,0,15.51,0,0,0.33,0,0,3.82,0,0
HXH.TO,0.97,0.94,0,15.04,16.71,0,0.97,0.36,0,15.32,5.14,0
BDIV.TO,1.05,0,0,15.5,0,0,0.27,0,0,3,0,0
VA.TO,0.96,0.96,0,13.3,12.86,0,0.14,0.12,0,1.01,0.73,0
CRQ.NE,1.04,1.03,1.05,15.35,17.62,13.96,0.97,0.4,0.49,14.45,5.53,5.8
DRME.TO,0,0,0,0,0,0,0,0,0,0,0,0
ZFH.TO,-0.29,0.23,0,6.65,8.25,0,0.59,0.2,0,-12.93,5.81,0
CJP.NE,0.54,0.79,0.82,12.46,15.9,15.87,1.57,0.51,0.56,38.49,9.08,9.6
HXEM.TO,1.05,0,0,14.71,0,0,-0.21,0,0,-3.93,0,0
XCH.TO,1.13,1.03,1.02,31.22,25.82,21.93,-0.33,-0.2,0.11,-12.6,-7.96,0.17
FLI.TO,1.14,1.37,1.23,20.37,24.6,19.76,0.79,0.21,0.4,13.54,1.59,4.99
ZWT.TO,0,0,0,0,0,0,0,0,0,0,0,0
DLR.TO,0,0,0,0,0,0,0,0,0,0,0,0
DLR-U.TO,0,0,0,6.32,6.91,7.88,0,0.09,0.3,0,0,0
HURA.TO,0,0,0,43.94,0,0,1.2,0,0,0,0,0
HLPR.TO,1.09,0,0,12.04,0,0,0.08,0,0,0.19,0,0
BXF.TO,1.21,1.17,1.16,2.78,2.52,2.1,-1.21,-0.27,0.03,-2.79,-0.62,0.03
HCA.TO,0.99,0,0,18.08,0,0,0.59,0,0,9.84,0,0
HXF.TO,1,1.02,0.84,17.19,18.28,14.71,0.69,0.33,0.56,11.24,4.5,8.96
XDUH.TO,0.8,0.93,0,14.85,16.48,0,0.4,0.22,0,6.43,2.54,0
VGV.TO,1.13,1.06,0,6.87,6.35,0,-1.16,-0.32,0,-7.07,-2.1,0
ZCH.TO,1.25,1.22,1.1,34.81,30.15,24.32,-0.6,-0.24,0.09,-19.29,-9.21,-0.68
CGRA.TO,0.84,0,0,12.62,0,0,0.16,0,0,1.56,0,0
BTCQ.TO,0,0,0,0,0,0,0,0,0,0,0,0
PR.TO,1.06,1.05,0,11.84,16.05,0,0.35,-0.08,0,3.45,-2.46,0
HYBR.TO,1.06,1.1,0,11.85,16.73,0,0.35,-0.03,0,3.39,-1.84,0
CESG.NE,0.98,0,0,14.32,0,0,0.54,0,0,7.3,0,0
CESG-B.NE,0.86,0,0,12.96,0,0,0.42,0,0,5.5,0,0
XID.TO,0.53,0.73,0.95,13.08,18.22,18.59,0.86,0.48,0.66,21.16,9.94,11.66
CLU-C.NE,0.84,0.92,0.92,13.75,15.14,12.46,0.85,0.5,0.89,13.89,7.36,11.96
FBTC-U.TO,0,0,0,0,0,0,0,0,0,0,0,0
FBTC.TO,0,0,0,0,0,0,0,0,0,0,0,0
VMO.TO,1,1.02,0,14.52,15.05,0,0.38,0.34,0,4.69,4.1,0
ZCLN.TO,0,0,0,0,0,0,0,0,0,0,0,0
ZIN.TO,1.19,1.39,1.05,17.96,22.23,17.48,0.69,0.29,0.49,9.71,2.93,6.94
CBND.TO,0,0,0,0,0,0,0,0,0,0,0,0
FLCI.TO,1.01,0.98,0,5.45,6.08,0,-0.9,-0.07,0,-4.91,-0.64,0
XCG.TO,0.96,0.91,0.87,14.74,16.06,12.74,0.27,0.46,0.6,3.14,7.1,8.19
ZLE.TO,0.84,0.85,0,11.94,12.74,0,-0.42,-0.22,0,-6.64,-4.14,0
XCD.TO,1.34,1.44,1.25,20.07,21.52,17.03,0.27,0.27,0.49,2.65,2.54,5.82
XQLT.TO,1.08,0,0,15.99,0,0,0.56,0,0,7.48,0,0
XSC.TO,0.35,0.11,0,3.98,4.73,0,-0.84,-0.21,0,-9.67,-10.09,0
BANK.TO,0,0,0,0,0,0,0,0,0,0,0,0
ESGE.TO,1.06,0,0,15.13,0,0,0.26,0,0,2.77,0,0
GCBD.TO,0,0,0,0,0,0,0,0,0,0,0,0
TGRE.TO,0.98,0,0,16.28,0,0,-0.16,0,0,-4.02,0,0
ZFC.TO,0.54,0,0,10.93,0,0,0.66,0,0,13.15,0,0
BASE-B.TO,1.28,0,0,24.13,0,0,0.6,0,0,9.8,0,0
BASE.TO,1.36,0,0,25.4,0,0,0.52,0,0,7.84,0,0
CGLO.TO,1.04,0,0,14.5,0,0,0.34,0,0,3.84,0,0
XIGS.TO,0,0,0,0,0,0,0,0,0,0,0,0
XSHU-U.TO,0,0,0,0,0,0,0,0,0,0,0,0
HEU.TO,0,0,0,72.9,83.16,65.41,1.5,0.45,0.21,0,0,0
HIU.TO,0,0,0,17.55,18.1,14.29,-0.6,-0.66,-0.95,0,0,0
QXM.TO,0.96,0.98,0.91,15.09,17.26,13.17,0.62,0.33,0.63,9.19,4.46,8.54
XGI.TO,1.27,1.39,1.16,18.73,20.68,16.25,0.54,0.31,0.5,7.02,3.2,6.13
HYI.TO,0.69,0.96,0.54,6.07,8.89,7.24,-0.28,-0.07,0.24,-2.77,-1.08,2.74
MULC-B.TO,0.93,0.98,0,13.62,14.92,0,0.64,0.58,0,8.94,8.08,0
MULC.TO,1.14,1.22,0,17.66,19.41,0,0.45,0.37,0,5.91,4.55,0
HARC.TO,0,0,0,4.51,5.71,0,0.67,0.31,0,0,0,0
XMM.TO,0.58,0.59,0.66,8.96,9.54,9.68,-0.05,-0.06,0.3,-1.5,-1.67,3.86
FST.TO,0.89,0.98,0.94,13.39,16.63,13.02,0.76,0.41,0.61,11.14,5.86,7.86
HGY.TO,0.05,-0.02,0.11,12.1,11.75,11.88,-0.24,0.45,0.07,-78.26,-249.79,1.61
XDGH.TO,0.83,0.92,0,13.13,14.49,0,0.66,0.36,0,10,4.72,0
MEE.TO,0.86,0.95,0,12.74,14.83,0,-0.06,0.08,0,-1.8,0.1,0
ESGC.TO,0.98,0,0,13.81,0,0,0.44,0,0,5.54,0,0
ZSDB.TO,0,0,0,0,0,0,0,0,0,0,0,0
FCID.TO,0.9,0.97,0,14.49,15.47,0,0.81,0.14,0,12.87,1.06,0
CINT.TO,1.01,0,0,15.79,0,0,-0.04,0,0,-1.83,0,0
EMV-B.TO,0.91,0.91,0,13.5,14.02,0,0.32,0.16,0,3.89,1.4,0
GEQT.TO,1.04,0,0,13.78,0,0,0.44,0,0,5.14,0,0
TOWR.TO,0,0,0,0,0,0,0,0,0,0,0,0
DIVS.TO,0.88,1.05,0,9.89,16.12,0,0.17,-0.22,0,1.44,-4.61,0
QCD.TO,0.97,0.98,0,13.6,15.96,0,0.56,0.38,0,7.32,5.07,0
FCMO.TO,0.93,0,0,15.31,0,0,0.17,0,0,1.57,0,0
TQGM.TO,0.65,0,0,10.4,0,0,0.34,0,0,4.78,0,0
PID.TO,0.84,0.83,0,12.59,11.91,0,0.54,0.26,0,7.55,2.93,0
CEMI.TO,0,0,0,0,0,0,0,0,0,0,0,0
PFAE.TO,0,0,0,14.96,0,0,0.74,0,0,0,0,0
GGRO.TO,1.07,0,0,11.59,0,0,0.32,0,0,2.98,0,0
ZJG.TO,0.98,1.12,1.09,29.43,37.47,39.18,-0.27,0.34,0.22,-11.84,6.16,1.51
ESGB.TO,1,0,0,5.41,0,0,-0.96,0,0,-5.22,0,0
HARB-U.TO,0,0,0,0,0,0,0,0,0,0,0,0
HARB.TO,0,0,0,0,0,0,0,0,0,0,0,0
CFRT.TO,0,0,0,0,0,0,0,0,0,0,0,0
CXF.TO,0.34,0.83,0.71,4.8,8.08,6.55,0.55,0.39,0.6,7.77,3.49,5.42
BEPR-U.TO,0,0,0,0,0,0,0,0,0,0,0,0
BEPR.TO,0.72,1.03,0.8,11.79,18.53,13.52,-0.3,0.02,0.3,-5.75,-1.42,3.95
GCTB.TO,0,0,0,0,0,0,0,0,0,0,0,0
TILV.TO,0.68,0,0,10.62,0,0,0.38,0,0,5.23,0,0
ESPX.TO,0,0,0,0,0,0,0,0,0,0,0,0
GUTB-U.TO,0,0,0,0,0,0,0,0,0,0,0,0
DCG.TO,1.26,1.21,0,2.87,2.6,0,-1.28,-0.31,0,-2.91,-0.7,0
ZESG.TO,1.22,0,0,10.37,0,0,0.14,0,0,0.82,0,0
YTSL.NE,0,0,0,0,0,0,0,0,0,0,0,0
DXO.TO,0.94,0.98,0,8.22,8.49,0,-0.11,0.21,0,-1.33,1.53,0
FPR.TO,0.87,0.88,0,9.64,13.25,0,0.24,0.02,0,2.2,-0.65,0
PFMS.TO,0,0,0,9.71,0,0,0.26,0,0,0,0,0
PDIV.TO,0.66,0.78,0.7,11.41,13.62,12.69,0.61,0.33,0.42,10.02,4.75,6.68
FCUH.TO,1.03,1.19,0,18.17,21.33,0,0.63,0.24,0,10.35,2.4,0
HCON.TO,1.24,1.2,0,10.65,10.24,0,-0.09,0.24,0,-1.23,1.7,0
TCSB.TO,1.14,0,0,2.88,0,0,-0.67,0,0,-1.71,0,0
MDIV.TO,1.07,1.01,1,15.14,14.83,12.56,0.32,0.35,0.68,3.61,4.21,8.15
TULV.TO,0.48,0,0,11.7,0,0,0.33,0,0,6.9,0,0
XMS.TO,0.86,0.91,0,14.47,15.53,0,0.29,0.3,0,3.85,4,0
XSI.TO,0.53,0.7,0,4.76,6.34,0,-0.62,-0.15,0,-5.78,-1.62,0
FCQH.TO,1.21,0,0,18.53,0,0,0.53,0,0,7.19,0,0
QIE.TO,0.87,0.86,0,12.5,11.8,0,0.25,0.15,0,2.8,1.33,0
FCCQ.TO,0.91,0,0,13.39,0,0,0.51,0,0,6.82,0,0
HIG.TO,0.91,0.91,0,16.39,16.14,0,0.06,0.16,0,-0.37,1.54,0
HZU.TO,0,0,0,54.26,64.81,55.14,-0.15,0.23,-0.05,0,0,0
UDA.TO,0.61,0,0,11.49,0,0,0.43,0,0,7.4,0,0
BMAX.TO,0,0,0,0,0,0,0,0,0,0,0,0
FCRR.TO,0.84,0.92,0,13.05,14.69,0,0.72,0.49,0,10.85,6.9,0
QEM.TO,0.99,0.94,0,13.78,13.92,0,-0.36,-0.2,0,-5.91,-3.89,0
SBT-U.TO,0,0,0,0,0,0,0,0,0,0,0,0
SBT-B.TO,0.2,0.46,0.53,26.07,29.6,24.84,0.02,0.42,0.17,-14.28,18.96,2.57
XTLH.TO,0,0,0,0,0,0,0,0,0,0,0,0
NSSB.TO,0,0,0,0,0,0,0,0,0,0,0,0
XAGG-U.TO,0,0,0,0,0,0,0,0,0,0,0,0
XAGH.TO,0,0,0,0,0,0,0,0,0,0,0,0
XAGG.TO,0,0,0,0,0,0,0,0,0,0,0,0
GBAL.TO,1.09,0,0,9.39,0,0,0.16,0,0,1,0,0
MNU-U.TO,0,0,0,0,0,0,0,0,0,0,0,0
RBOT-U.TO,0,0,0,0,0,0,0,0,0,0,0,0
RBOT.TO,1.71,1.69,0,27.25,27,0,-0.12,0.09,0,-4.07,-0.7,0
MBAL.TO,1.12,0,0,9.52,0,0,0.18,0,0,1.16,0,0
VALT.TO,0,0,0,0,0,0,0,0,0,0,0,0
VALT-U.TO,0,0,0,0,0,0,0,0,0,0,0,0
SPLT.TO,0,0,0,0,0,0,0,0,0,0,0,0
HUV.TO,0,0,0,55.27,78.47,68.57,-1.37,-0.41,-0.63,0,0,0
FLUS.TO,0.9,0.87,0,13.65,13.58,0,0.6,0.6,0,8.6,8.77,0
HCRE.TO,0.99,0,0,18.95,0,0,0.25,0,0,3.27,0,0
CGDV-B.TO,0,0,0,0,0,0,0,0,0,0,0,0
CGDV.TO,0,0,0,0,0,0,0,0,0,0,0,0
DQD.TO,0.84,0.91,0,13.76,14.78,0,0.6,0.53,0,9.3,7.81,0
SRIU.NE,0,0,0,0,0,0,0,0,0,0,0,0
CWO.NE,0.98,0.95,1.02,14.79,14.96,14.93,0.31,0.08,0.31,3.79,0.11,3.61
ZGD.TO,1.07,1.16,1.08,31.34,37.46,37.6,-0.2,0.44,0.28,-9.84,9.17,3.65
QQCE.TO,0,0,0,0,0,0,0,0,0,0,0,0
QQCE-F.TO,0,0,0,0,0,0,0,0,0,0,0,0
MINF.TO,0.86,0,0,14.1,0,0,-0.17,0,0,-3.91,0,0
RIDH.TO,0.82,0.95,0,13.1,14.31,0,0.77,0.31,0,11.97,3.76,0
BFIN.TO,1.2,0,0,20.33,0,0,0.32,0,0,3.92,0,0
SITC.NE,0,0,0,0,0,0,0,0,0,0,0,0
FLJA.NE,0.68,0,0,11.98,0,0,0.14,0,0,1.37,0,0
CARS-U.TO,0,0,0,0,0,0,0,0,0,0,0,0
CARS-B.TO,2.1,2,0,37.9,35.19,0,-0.06,0.29,0,-4.08,2.29,0
CARS.TO,2.29,2.23,0,40.21,38.2,0,-0.05,0.26,0,-4.09,1.32,0
CHPS.TO,0,0,0,0,0,0,0,0,0,0,0,0
DRCU.TO,1.05,1.02,0,6.37,6.05,0,-1.13,-0.26,0,-6.89,-1.77,0
STPL.TO,0.62,0.66,0,12.9,12.51,0,0.28,0.33,0,4.62,5.23,0
HXU.TO,0,0,0,28.42,31.76,24.74,0.54,0.34,0.47,0,0,0
ZUS-V.TO,0.22,0,0,6.19,0,0,0.04,0,0,0.34,0,0
ZUS-U.TO,0.22,0,0,6.19,0,0,0.04,0,0,0.34,0,0
ICPB.TO,1.21,0,0,3.59,0,0,-0.6,0,0,-1.84,0,0
CCBI.TO,0,0,0,0,0,0,0,0,0,0,0,0
MUMC-B.TO,0.97,0.99,0,15.21,17.32,0,0.54,0.39,0,7.69,5.62,0
MUMC.TO,1.19,1.22,0,19.24,21.79,0,0.38,0.25,0,4.9,2.55,0
ZCON.TO,1.28,0,0,8.25,0,0,-0.18,0,0,-1.46,0,0
ZACE.TO,0,0,0,0,0,0,0,0,0,0,0,0
HND.TO,0,0,0,135.68,125.05,102.5,-0.06,0.12,0.17,0,0,0
HMP.TO,1.07,1.06,0,2.47,2.29,0,-1.3,-0.21,0,-2.97,-0.48,0
ZEQT.TO,0,0,0,0,0,0,0,0,0,0,0,0
TGRO.TO,0.94,0,0,12.39,0,0,0.53,0,0,6.44,0,0
FCCL.TO,0.86,0,0,12.59,0,0,0.56,0,0,7.65,0,0
PFH-F.TO,0.86,1.05,0.51,8.2,9.67,7.5,-0.13,0.03,0.25,-1.62,-0.15,3.12
ZCDB.TO,0,0,0,0,0,0,0,0,0,0,0,0
RPSB.TO,1.07,1.08,0,2.46,2.3,0,-1.2,-0.15,0,-2.75,-0.35,0
MUSA.TO,1.05,1.03,0,16.24,16.4,0,0.27,0.32,0,2.97,3.87,0
FSL.TO,0.09,0.45,0.16,4.54,6.35,4.76,0.13,0.02,0.29,5.63,-0.2,8.17
QEE.TO,0,0,0,0,0,0,0,0,0,0,0,0
CHNA-B.TO,0.76,0.8,0,21.42,19.88,0,-0.55,-0.04,0,-17.56,-3.35,0
AUGB-F.TO,0.73,0,0,11.48,0,0,0.28,0,0,3.58,0,0
HUTS.TO,0,0,0,0,0,0,0,0,0,0,0,0
ZPAY-F.TO,0.74,0,0,12.12,0,0,0.22,0,0,2.76,0,0
XINC.TO,1.04,0,0,6.66,0,0,-0.56,0,0,-3.81,0,0
CIEI.TO,0,0,0,0,0,0,0,0,0,0,0,0
QAH.TO,1.2,1.23,0,18.13,19.24,0,0.43,0.43,0,5.35,5.46,0
CIBR.TO,0.83,1.29,0,19.24,23.6,0,0.54,0.34,0,11.05,4.18,0
BKCL.TO,0,0,0,0,0,0,0,0,0,0,0,0
AGLB.NE,0,0,0,0,0,0,0,0,0,0,0,0
HAD.TO,1.24,1.14,1.09,7.53,6.83,5.63,-1.09,-0.3,0.04,-6.66,-1.98,0.05
XSMC.TO,1.11,0,0,18.36,0,0,0.61,0,0,9.21,0,0
PLV.TO,0.63,0.66,0,7.43,8.27,0,0.11,0.12,0,0.87,0.99,0
VVO.TO,0.68,0.81,0,10.55,12.59,0,0.2,0.1,0,2.39,0.61,0
FCCM.TO,0.8,0,0,12.24,0,0,0.31,0,0,4.01,0,0
ZAUT.TO,0,0,0,0,0,0,0,0,0,0,0,0
HCLN.TO,0,0,0,0,0,0,0,0,0,0,0,0
THU.TO,1.18,1.21,0,17.87,19.01,0,0.42,0.42,0,5.18,5.33,0
FCIL.TO,0.67,0,0,10.64,0,0,0.21,0,0,2.57,0,0
QUB.TO,0.66,0,0,6.19,0,0,-1.18,0,0,-11.19,0,0
ARB.TO,0,0,0,9.41,0,0,0.73,0,0,0,0,0
FCIM.TO,0.94,0,0,14.2,0,0,0.25,0,0,2.81,0,0
FHQ.TO,1.23,1.33,0,19.25,20.77,0,0.38,0.61,0,4.61,8.38,0
XML.TO,0.6,0.68,0,9.97,10.56,0,0.48,0.2,0,7.55,2.28,0
ZMT.TO,1.34,1.18,1.18,32.95,34.48,30.97,0.57,0.21,0.15,11.02,1.02,-0.03
SRIB.NE,0,0,0,0,0,0,0,0,0,0,0,0
HTAE.TO,0,0,0,0,0,0,0,0,0,0,0,0
PMM.TO,0,0,0,5.52,8.01,0,0.27,-0.53,0,0,0,0
TBAL.TO,0.94,0,0,10.22,0,0,0.23,0,0,1.99,0,0
HAF.TO,0.44,0.04,0,5.37,5.81,5.12,-0.15,-0.12,0.14,-2.14,-21.61,-184.75
HXD.TO,0,0,0,27.78,27.22,21.6,-0.66,-0.73,-0.9,0,0,0
INOC.TO,0.89,1,0,14.18,17.39,0,0.63,0.39,0,9.49,5.41,0
HLIT.TO,0,0,0,0,0,0,0,0,0,0,0,0
TCLV.TO,0.67,0,0,11.32,0,0,0.47,0,0,7.52,0,0
DRMC.TO,1.01,0.95,0,14.5,15.76,0,0.61,0.4,0,8.26,5.64,0
MXU.TO,0.78,0.79,0,11.76,11.44,0,-0.23,-0.04,0,-4.35,-1.46,0
HFU.TO,0,0,0,35.17,37.81,30.28,0.65,0.26,0.47,0,0,0
CSCP.NE,0,0,0,0,0,0,0,0,0,0,0,0
HUC.TO,1.23,1.72,1.43,24.56,31.62,26.78,1.21,0.33,0.1,25.22,3.19,-0.66
ESGG.TO,1.04,0,0,13.9,0,0,0.56,0,0,6.84,0,0
MCON.TO,1.23,0,0,7.97,0,0,-0.13,0,0,-1.12,0,0
PBD.TO,0.41,0.59,0.39,4.86,5.83,4.66,-0.64,-0.16,0.09,-7.94,-1.84,0.86
ZLD.TO,0.75,0.81,0,11.92,12.32,0,0.4,0.18,0,5.69,1.77,0
DISC.TO,1.41,1.43,0,20.29,20.87,0,0.32,0.36,0,3.3,3.91,0
HOG.TO,0.48,0.63,0,20.09,28.06,0,1.07,0.36,0,45.42,9.43,0
GDEP.TO,0.53,0,0,8.29,0,0,0.23,0,0,3.1,0,0
QCH.NE,0.62,0.69,0,19.7,19.74,0,-0.33,0.18,0,-13.3,2.44,0
CTIP.NE,0,0,0,0,0,0,0,0,0,0,0,0
XFLB.TO,0,0,0,0,0,0,0,0,0,0,0,0
LEAD.TO,1.2,0,0,18.36,0,0,-0.14,0,0,-3.44,0,0
IICE.TO,0,0,0,0,0,0,0,0,0,0,0,0
HERO.TO,0.89,0,0,17.22,0,0,-0.42,0,0,-9.54,0,0
RPU.NE,0.62,0.58,0,10.69,11.29,0,-0.5,-0.16,0,-9.36,-4.26,0
BITI.TO,0,0,0,0,0,0,0,0,0,0,0,0
BITI-U.TO,0,0,0,0,0,0,0,0,0,0,0,0
YAMZ.NE,0,0,0,0,0,0,0,0,0,0,0,0
HUZ.TO,0.23,0.6,0.55,27.02,31.64,27.06,-0.1,0.26,-0.02,-26.37,5.96,-7.38
ZPH.TO,0.56,0.55,0,11.64,11.64,0,0.41,0.1,0,7.57,0.83,0
DXZ.TO,0.9,0.77,0,15.26,14.54,0,0.45,0.38,0,6.73,6.17,0
HUM.TO,1.11,0,0,21.56,0,0,0.7,0,0,12.5,0,0
HUM-U.TO,0,0,0,0,0,0,0,0,0,0,0,0
RGQR.TO,0,0,0,0,0,0,0,0,0,0,0,0
DXN.TO,0.97,0,0,13.13,0,0,0.03,0,0,-0.44,0,0
ARKK.TO,0,0,0,0,0,0,0,0,0,0,0,0
RQR.TO,0,0,0,0,0,0,0,0,0,0,0,0
MAYB-F.TO,0.68,0,0,10.95,0,0,0.3,0,0,4.16,0,0
ZQB.TO,0.58,0,0,3.31,0,0,-1.06,0,0,-6.04,0,0
UMI.TO,1.13,1.22,0,19.43,23.23,0,0.57,0.12,0,8.64,0.05,0
USCL.TO,0,0,0,0,0,0,0,0,0,0,0,0
XXM-B.TO,1.08,1.32,0,20.18,26.87,0,0.96,0.16,0,17.94,0.52,0
XXM.TO,1.32,1.54,0,23.97,30.87,0,0.77,0.11,0,13.17,-1.1,0
PIN.TO,0.79,0.91,0.82,7.47,8.41,6.77,0.31,0.25,0.36,2.65,2,2.74
HHLE.TO,0,0,0,0,0,0,0,0,0,0,0,0
FJFB.NE,0,0,0,0,0,0,0,0,0,0,0,0
EARN.TO,0.19,0,0,3.63,0,0,-0.23,0,0,-4.74,0,0
XCBG.TO,0,0,0,0,0,0,0,0,0,0,0,0
ZWEN.TO,0,0,0,0,0,0,0,0,0,0,0,0
XFI.TO,0.93,0.97,0,13.38,13.31,0,0.34,0.14,0,4.12,1.08,0
RGQO.TO,0,0,0,0,0,0,0,0,0,0,0,0
FEBB-F.TO,0.69,0,0,10.76,0,0,0.54,0,0,7.92,0,0
MGRW.TO,1.04,0,0,11.12,0,0,0.41,0,0,3.9,0,0
FCVH.TO,1.14,0,0,19.5,0,0,0.88,0,0,14.8,0,0
YXM-B.TO,1.02,1.01,0,18.15,19.41,0,0.62,0.36,0,10.15,5.23,0
YXM.TO,1.26,1.24,0,21.63,23.42,0,0.47,0.24,0,6.7,2.37,0
RGQP.TO,0,0,0,0,0,0,0,0,0,0,0,0
EDGF.TO,0.9,0.97,0,17.04,17.06,0,0.23,0.25,0,2.86,3.04,0
FHG.TO,1.2,1.38,0,17.87,20.45,0,0.68,0.41,0,9.38,4.82,0
FHG-F.TO,1.48,1.69,0,22.02,25.19,0,0.51,0.27,0,6.37,2.23,0
RGQN.TO,0,0,0,0,0,0,0,0,0,0,0,0
NOVB-F.TO,0.76,0,0,12.31,0,0,0.34,0,0,4.66,0,0
HSL.TO,0.04,0.22,0,2.57,3.82,0,0.25,0.05,0,15.76,0.6,0
COMM.TO,0.96,0.91,0,14.08,13.59,0,0.21,0.43,0,2.06,5.58,0
ETHQ-U.TO,0,0,0,0,0,0,0,0,0,0,0,0
ETHQ.TO,0,0,0,0,0,0,0,0,0,0,0,0
PBI.TO,1.36,1.4,0,22.13,23.09,0,-0.14,0.11,0,-3.99,-0.12,0
THE.TO,0.87,0.99,0,13.26,14.42,0,0.77,0.4,0,11.48,4.92,0
NUSA.TO,0,0,0,0,0,0,0,0,0,0,0,0
AGSG.NE,0,0,0,0,0,0,0,0,0,0,0,0
BSKT.TO,0,0,0,0,0,0,0,0,0,0,0,0
ETSX.TO,0,0,0,0,0,0,0,0,0,0,0,0
ETC.TO,0,0,0,0,0,0,0,0,0,0,0,0
DATA-B.TO,0,0,0,0,0,0,0,0,0,0,0,0
DATA.TO,0,0,0,0,0,0,0,0,0,0,0,0
MCSB.TO,0.94,0.99,0,2.28,2.53,0,-1.24,-0.2,0,-2.97,-0.55,0
HBLK.TO,2.47,2.31,0,45.31,47.83,0,0.03,0.31,0,-3.42,1.96,0
ESGF.TO,0.91,0,0,8.26,0,0,-0.92,0,0,-8.57,0,0
FGGE.TO,0,0,0,0,0,0,0,0,0,0,0,0
TUHY.TO,0.94,0,0,8.37,0,0,-0.13,0,0,-1.56,0,0
SRII.NE,0,0,0,0,0,0,0,0,0,0,0,0
ZHP.TO,0.92,0.8,0,15.33,16.22,0,-0.32,-0.08,0,-6.53,-3.35,0
HUG.TO,0.03,-0.05,0.1,14.42,13.78,13.68,-0.23,0.42,0.07,-128.78,-108.68,0.33
TMEC.TO,0,0,0,0,0,0,0,0,0,0,0,0
ZVC.TO,1.05,1.07,0,15.45,18.28,0,1.05,0.4,0,15.86,5.41,0
FCGI.TO,1.02,0,0,9.26,0,0,0.43,0,0,3.62,0,0
DQI.TO,0.97,1.01,0,14.72,14.54,0,0.3,0.34,0,3.5,4.06,0
TCON.TO,1.23,0,0,7.92,0,0,-0.24,0,0,-1.8,0,0
ETP.TO,0.94,1.22,0,6.92,9.14,0,-0.47,-0.23,0,-3.74,-2.12,0
ONEC.TO,0,0,0,0,0,0,0,0,0,0,0,0
GCNS.TO,1.11,0,0,7.26,0,0,-0.1,0,0,-0.9,0,0
XFC.TO,0.86,0.99,0,12.73,16.81,0,0.5,0.25,0,6.74,2.94,0
PHE-B.TO,0,0,0,8.64,8.17,0,0.64,0.4,0,0,0,0
HIX.TO,0,0,0,14.12,14.23,11.22,-0.72,-0.69,-0.89,0,0,0
RCDC.TO,0,0,0,0,0,0,0,0,0,0,0,0
TKN.TO,0,0,0,0,0,0,0,0,0,0,0,0
TKN-U.TO,0,0,0,0,0,0,0,0,0,0,0,0
BREA.TO,0.91,0,0,14.49,0,0,0.36,0,0,4.81,0,0
MIVG.TO,0.8,0.78,0,11.35,11.5,0,0.26,0.42,0,2.98,5.56,0
DXR.TO,0,0,0,0,0,0,0,0,0,0,0,0
ZHU.TO,0.85,0,0,14.64,0,0,0.03,0,0,-0.73,0,0
XSMH.TO,1.32,0,0,22.12,0,0,0.48,0,0,6.68,0,0
HGGG.TO,0.95,0,0,27.54,0,0,-0.42,0,0,-15.19,0,0
DRFG.TO,0.94,0,0,12.59,0,0,0.34,0,0,3.82,0,0
HUF-U.TO,0.17,0.29,0.68,5.74,5.48,7.17,0.13,0.34,0.54,3.48,6.02,5.51
ESGH.TO,0,0,0,0,0,0,0,0,0,0,0,0
FCII.TO,0,0,0,0,0,0,0,0,0,0,0,0
CSBA.NE,0,0,0,0,0,0,0,0,0,0,0,0
APLY.NE,0,0,0,0,0,0,0,0,0,0,0,0
FHH.TO,0.71,0.78,0,12.93,15.05,0,0.03,0.2,0,-0.68,2.54,0
RGQQ.TO,0,0,0,0,0,0,0,0,0,0,0,0
DXIF.TO,0,0,0,0,0,0,0,0,0,0,0,0
XVLU.TO,0.91,0,0,16.38,0,0,0.55,0,0,8.92,0,0
HUN.TO,2.73,1.92,1.45,52.44,45.28,35.06,0.39,0.45,0.14,3.01,6.14,-0.67
CGAA.TO,1.05,0,0,9.24,0,0,0.3,0,0,2.3,0,0
XMY.TO,0.71,0.77,0,11.09,12.05,0,0.29,0.24,0,3.85,2.85,0
MDVD.TO,0.55,0,0,10.23,0,0,0.32,0,0,5.26,0,0
CAGG.TO,1.11,1.13,0,6.75,6.81,0,-1.02,-0.17,0,-6.29,-1.26,0
QDXB.TO,0.5,0,0,5,0,0,-1.21,0,0,-12.16,0,0
REM.NE,0.83,0.82,0,12.19,12.55,0,0.02,0.08,0,-0.59,0.36,0
FOUR.TO,1.57,0,0,23.78,0,0,0.09,0,0,-0.44,0,0
BGC.TO,0.78,0.83,0,12.76,14.73,0,0.48,0.39,0,7.18,5.76,0
GDIV.NE,0,0,0,0,0,0,0,0,0,0,0,0
MWMN.NE,1.01,1.01,0,13.52,14.03,0,0.24,0.32,0,2.43,3.55,0
HRED.TO,0,0,0,0,0,0,0,0,0,0,0,0
HBU.TO,0,0,0,28.87,27.79,27.46,-0.31,0.34,0.02,0,0,0
ZINN.TO,0,0,0,0,0,0,0,0,0,0,0,0
TGFI.TO,0.55,0,0,6.48,0,0,-0.76,0,0,-9.25,0,0
HBGD.TO,2.6,2.18,0,48.35,41.12,0,0.66,0.64,0,9.18,9.34,0
HGR.TO,1.11,1.11,0,18.49,18.33,0,-0.32,-0.2,0,-6.8,-4.82,0
CFLX.TO,0.22,0,0,3.81,0,0,-0.43,0,0,-7.65,0,0
PSYK.NE,0,0,0,0,0,0,0,0,0,0,0,0
CLMT.TO,0,0,0,0,0,0,0,0,0,0,0,0
HGD.TO,0,0,0,55.61,57.61,64.61,0.24,-0.63,-0.35,0,0,0
SCGR.NE,0.92,0,0,15.38,0,0,-0.08,0,0,-2.61,0,0
EHE.TO,0.94,1.06,0,17.38,18.28,0,0.55,0.31,0,9.13,3.81,0
SID.TO,0.81,0.87,0,17.29,17.38,0,-0.07,0.11,0,-3.28,0.51,0
DCS.TO,0.99,0.99,0,2.28,2.1,0,-1.32,-0.27,0,-2.99,-0.6,0
QCLN.TO,1.4,1.31,0,34.75,30.62,0,-0.11,-0.15,0,-6.68,-6.98,0
FQC.TO,0.86,0.91,0,13.3,15.87,0,0.68,0.44,0,10.17,6.61,0
SCGI.NE,0.84,0,0,12.18,0,0,-0.17,0,0,-3.35,0,0
ZWHC.TO,0,0,0,0,0,0,0,0,0,0,0,0
QRET.TO,0.96,0,0,15.65,0,0,0.02,0,0,-0.91,0,0
XSHG.TO,0,0,0,0,0,0,0,0,0,0,0,0
YGOG.NE,0,0,0,0,0,0,0,0,0,0,0,0
GIQG-B.TO,1.1,0,0,16.35,0,0,0.1,0,0,0.29,0,0
GIQG.TO,1.34,0,0,19.32,0,0,0.05,0,0,-0.64,0,0
TMEU.TO,0,0,0,0,0,0,0,0,0,0,0,0
MESH.TO,0,0,0,0,0,0,0,0,0,0,0,0
BLOV.TO,0.69,0,0,13.12,0,0,0.1,0,0,0.74,0,0
FWCP.TO,0,0,0,0,0,0,0,0,0,0,0,0
CUDV.TO,0,0,0,0,0,0,0,0,0,0,0,0
RUDC.TO,0,0,0,0,0,0,0,0,0,0,0,0
PAYF.TO,0.41,0,0,8.59,0,0,0.46,0,0,8.95,0,0
TGGR.TO,1.11,0,0,15.49,0,0,0.55,0,0,7.02,0,0
BNC.TO,0.9,0.95,0,15.5,17.25,0,0.67,0.3,0,11.01,3.98,0
ZBBB.TO,0.65,0,0,4.16,0,0,-0.84,0,0,-5.44,0,0
MJJ.NE,1.83,1.97,0,50.68,48.82,0,-0.27,-0.3,0,-13.08,-12.05,0
FIXD.NE,1,0.96,0,6.26,6.24,0,-0.82,-0.2,0,-5.3,-1.56,0
CNCL.TO,0,0,0,0,0,0,0,0,0,0,0,0
QINF.TO,0.91,0,0,12.5,0,0,0.29,0,0,3.32,0,0
GCSC.TO,0,0,0,0,0,0,0,0,0,0,0,0
XFF.TO,0.76,0.98,0,12.81,15.38,0,0.79,0.29,0,13,3.4,0
XEXP.TO,0,0,0,0,0,0,0,0,0,0,0,0
HFD.TO,0,0,0,32.95,31.66,26.12,-0.72,-0.61,-0.83,0,0,0
ICAE.TO,0,0,0,0,0,0,0,0,0,0,0,0
PHE.TO,0,0,0,11.54,11.39,10.48,0.4,0.2,0.32,0,0,0
GGEM.TO,0,0,0,0,0,0,0,0,0,0,0,0
DCC.TO,1.31,1.35,0,3.13,3.42,0,-0.94,-0.04,0,-2.25,-0.14,0
XTLT.TO,0,0,0,0,0,0,0,0,0,0,0,0
EQE.NE,1.09,1.12,0,18.27,17.5,0,0.29,0.17,0,3.48,1.3,0
TUSB.TO,0.36,0,0,5.32,0,0,-0.24,0,0,-3.91,0,0
TUSB-U.TO,0,0,0,0,0,0,0,0,0,0,0,0
MGAB.TO,0.57,0,0,5.36,0,0,-0.95,0,0,-8.98,0,0
CARB.TO,0,0,0,0,0,0,0,0,0,0,0,0
HMUS.NE,1.89,0,0,52.61,0,0,-0.33,0,0,-14.74,0,0
FDN.TO,1.16,0.96,0,22.28,19.41,0,-0.41,-0.21,0,-9.6,-6.06,0
FUD.TO,0.85,0.92,0.77,15.62,16.46,13.49,0.38,0.24,0.43,5.91,2.87,6.64
MEU.TO,0.8,0.83,0,13.93,13.53,0,-0.13,0.02,0,-3.45,-0.8,0
HUTE.TO,0,0,0,0,0,0,0,0,0,0,0,0
TPAY.TO,0.66,0,0,6.31,0,0,-0.98,0,0,-9.5,0,0
BNKL.TO,0,0,0,0,0,0,0,0,0,0,0,0
RUBH.TO,1.64,1.73,0,29.99,31.81,0,0.22,-0.04,0,1.26,-3.78,0
TMEI.TO,0,0,0,0,0,0,0,0,0,0,0,0
COPP.TO,0,0,0,0,0,0,0,0,0,0,0,0
RDE.NE,0.89,0.84,0,12.9,14.12,0,0.73,0.42,0,10.36,6.12,0
HLFE.TO,0,0,0,0,0,0,0,0,0,0,0,0
FINT.TO,1.08,1.05,0,15.59,14.77,0,0.18,0.29,0,1.6,3.14,0
MCKG.NE,0,0,0,0,0,0,0,0,0,0,0,0
XDLR.TO,0,0,0,0,0,0,0,0,0,0,0,0
FMTV.NE,0,0,0,0,0,0,0,0,0,0,0,0
BRKY.NE,0,0,0,0,0,0,0,0,0,0,0,0
FCLH.TO,0.89,0,0,15.04,0,0,0.38,0,0,5.41,0,0
MUSD-U.TO,0,0,0,0,0,0,0,0,0,0,0,0
UTIL.TO,0,0,0,0,0,0,0,0,0,0,0,0
ARKW.TO,0,0,0,0,0,0,0,0,0,0,0,0
HED.TO,0,0,0,59.52,74.38,59.39,-1.85,-0.55,-0.39,0,0,0
GIGR.TO,1.04,0,0,17.76,0,0,-0.33,0,0,-7.06,0,0
XCLN.TO,0,0,0,0,0,0,0,0,0,0,0,0
CDNA.TO,0,0,0,0,0,0,0,0,0,0,0,0
HBKU.TO,0,0,0,0,0,0,0,0,0,0,0,0
TECI.TO,0,0,0,0,0,0,0,0,0,0,0,0
XHAK.TO,0,0,0,0,0,0,0,0,0,0,0,0
ZSML-F.TO,1.33,0,0,22.16,0,0,0.48,0,0,6.56,0,0
TBNK.TO,0,0,0,0,0,0,0,0,0,0,0,0
ARKG.TO,0,0,0,0,0,0,0,0,0,0,0,0
XEMC.TO,0,0,0,0,0,0,0,0,0,0,0,0
HBFE.TO,0,0,0,0,0,0,0,0,0,0,0,0
HYDR.TO,0,0,0,0,0,0,0,0,0,0,0,0
HREU.TO,0,0,0,0,0,0,0,0,0,0,0,0
QQEQ.TO,0,0,0,0,0,0,0,0,0,0,0,0
XDNA.TO,0,0,0,0,0,0,0,0,0,0,0,0
FINO.TO,0,0,0,0,0,0,0,0,0,0,0,0
FLDM.TO,0.88,0.86,0,12.91,12.02,0,0.47,0.35,0,6.23,4.17,0
XFA.TO,1.05,1.13,0,16.64,18.63,0,0.41,0.24,0,5.52,2.4,0
HFT.TO,1.46,0,0,21.15,0,0,-0.26,0,0,-5.19,0,0
ZEAT.TO,0,0,0,0,0,0,0,0,0,0,0,0
ZGEN.TO,0,0,0,0,0,0,0,0,0,0,0,0
ZFIN.TO,0,0,0,0,0,0,0,0,0,0,0,0
IUMF-F.TO,N/A,N/A,N/A,N/A,N/A,N/A,N/A,N/A,N/A,N/A,N/A,N/A
BBIG.TO,0,0,0,0,0,0,0,0,0,0,0,0
XULR.TO,0,0,0,0,0,0,0,0,0,0,0,0
ZINT.TO,0,0,0,0,0,0,0,0,0,0,0,0
MUSC.TO,1.22,1.27,0,19.84,23.1,0,0.46,0.14,0,6.32,0.4,0
HZD.TO,0,0,0,53.14,58.51,51.05,-0.14,-0.4,-0.13,0,0,0
FETH.TO,0,0,0,0,0,0,0,0,0,0,0,0
BUFR.NE,0,0,0,0,0,0,0,0,0,0,0,0
HMJI.TO,0,0,0,59.55,0,0,0.39,0,0,0,0,0
FJFG.NE,0,0,0,0,0,0,0,0,0,0,0,0
SKYY.TO,0.88,0.69,0,21.75,18.42,0,-0.39,-0.24,0,-11.85,-8.85,0
SRIC.NE,0,0,0,0,0,0,0,0,0,0,0,0
IXTE.TO,0,0,0,0,0,0,0,0,0,0,0,0
FLEM.NE,0.87,0.82,0,12.83,12.71,0,0.03,-0.08,0,-0.52,-2.3,0
CANL.TO,0,0,0,0,0,0,0,0,0,0,0,0
GGAC.TO,0,0,0,0,0,0,0,0,0,0,0,0
FINN-U.NE,0,0,0,0,0,0,0,0,0,0,0,0
FINN.NE,0,0,0,0,0,0,0,0,0,0,0,0
IIMF-F.TO,N/A,N/A,N/A,N/A,N/A,N/A,N/A,N/A,N/A,N/A,N/A,N/A
IIMF.TO,N/A,N/A,N/A,N/A,N/A,N/A,N/A,N/A,N/A,N/A,N/A,N/A
TMCC.TO,0,0,0,0,0,0,0,0,0,0,0,0
ZGRN.TO,0,0,0,0,0,0,0,0,0,0,0,0
QQJR-F.TO,0,0,0,0,0,0,0,0,0,0,0,0
QQJR.TO,0,0,0,0,0,0,0,0,0,0,0,0
CCLN.NE,0,0,0,0,0,0,0,0,0,0,0,0
HBD.TO,0,0,0,28.37,27.06,26.98,0.06,-0.66,-0.3,0,0,0
XCBU-U.TO,0,0,0,0,0,0,0,0,0,0,0,0
XCBU.TO,0,0,0,0,0,0,0,0,0,0,0,0
CBCX.TO,0,0,0,0,0,0,0,0,0,0,0,0
RID.TO,0.96,0.95,0,13.69,13,0,0.35,0.15,0,4.24,1.21,0
RPD.TO,0.95,0.96,0,15.91,15.08,0,0.42,0.16,0,6.08,1.42,0
TECH-B.TO,0,0,0,0,0,0,0,0,0,0,0,0
TRVL-U.TO,0,0,0,0,0,0,0,0,0,0,0,0
PYF-U.TO,0.2,0,0,5.99,0,0,0.65,0,0,18.55,0,0
TXF-U.TO,0,0,0,0,0,0,0,0,0,0,0,0
ZMI-U.TO,0,0,0,0,0,0,0,0,0,0,0,0
ZTS.NE,0.4,0.64,0,5.9,6.9,0,-0.52,0.05,0,-8.04,0.15,0
ZNQ-U.TO,0,0,0,0,0,0,0,0,0,0,0,0
ZLU-U.TO,0.47,0.51,0.61,10.89,11.21,11.27,0.51,0.61,1.03,11.13,12.73,19.06
ZTIP.TO,0,0,0,0,0,0,0,0,0,0,0,0
BTCX-U.TO,0,0,0,0,0,0,0,0,0,0,0,0
TXF-B.TO,1.2,1.18,0,19.32,18.58,0,0.45,0.61,0,5.94,8.65,0
TDOC.TO,0,0,0,0,0,0,0,0,0,0,0,0
LIFE-B.TO,0.57,0.5,0,12.09,11.89,0,0.5,0.67,0,9.7,15.37,0
RUD.TO,0.92,0.93,0,14.18,14.68,0,0.74,0.64,0,11.09,9.39,0
TRVL.TO,0,0,0,0,0,0,0,0,0,0,0,0
HBF.TO,1,1.06,0,16.8,17.52,0,0.38,0.34,0,5.26,4.34,0
HHL.TO,0.81,0.81,0,14.29,14.72,0,0.59,0.41,0,9.82,6.34,0
HPF.TO,0.78,0.83,0,26.35,32.46,0,1.14,0.12,0,40.18,-1.93,0
XEC.TO,1.02,1.01,0.99,14.26,14.88,13.25,-0.12,0.06,0.32,-2.64,-0.11,3.51
ZMI.TO,1.01,1.06,0.95,8.95,9.39,7.23,0.32,0.26,0.45,2.5,1.91,3.27
CYBR.TO,1.01,1.2,0,24.31,24.39,0,0.05,0.33,0,-1.56,4.45,0
ZUP-U.TO,0.55,0.49,0,13.91,13.69,0,-0.3,0.01,0,-9.2,-1.58,0
DANC.TO,0,0,0,1.3,0,0,-0.31,0,0,0,0,0
CGIN.TO,0,0,0,0,0,0,0,0,0,0,0,0
FSB.TO,0.16,0.07,0,1.97,1.75,0,-0.55,0.05,0,-6.8,1.09,0
PZW.TO,1.05,1.05,0,15.24,16.9,0,0.48,0.2,0,6.15,1.87,0
ZDY-U.TO,0.72,0.81,0.8,12.56,14.15,11.76,0.73,0.34,0.89,12.35,4.81,13
EBNK-B.TO,0,0,0,0,0,0,0,0,0,0,0,0
NXF-U.TO,0,0,0,0,0,0,0,0,0,0,0,0
HTA-B.TO,1.29,0,0,19.92,0,0,0.69,0,0,9.76,0,0
FHI-B.TO,0.46,0.51,0,10.75,11.53,0,0.87,0.68,0,20.27,15.1,0
XEC-U.TO,1.02,0,0,14.26,0,0,-0.12,0,0,-2.64,0,0
CGXF-U.TO,0,0,0,0,0,0,0,0,0,0,0,0
HTA-U.TO,1.32,1.13,0,20.36,18.17,0,0.66,0.83,0,9.34,12.84,0
XDG-U.TO,0.69,0,0,10.99,0,0,0.64,0,0,9.75,0,0
PZW-F.TO,0.54,0.94,0,23.98,24.02,0,0.47,0.2,0,16.45,2.13,0
ZTS-U.NE,0.48,0.71,0,5.91,7.3,0,-0.57,0.03,0,-7.29,-0.06,0
RUDB.TO,0,0,0,0,0,0,0,0,0,0,0,0
ZJK.TO,1,1,0,7.12,7.21,0,-0.04,0.22,0,-0.56,1.38,0
RATE.TO,0,0,0,0,0,0,0,0,0,0,0,0
ZWH-U.TO,0.75,0.81,0,12.73,13.91,0,0.71,0.42,0,11.65,6.34,0
HUBL-U.TO,1.28,1.33,0,24.53,24.96,0,0.27,-0.01,0,2.84,-2.6,0
EDGE.TO,1.41,1.52,0,20.58,22.46,0,0.06,0.36,0,-0.66,3.83,0
TGED.TO,1.06,0,0,14.57,0,0,0.46,0,0,5.65,0,0
ETHY-B.TO,0,0,0,0,0,0,0,0,0,0,0,0
ZWB-U.TO,0,0,0,0,0,0,0,0,0,0,0,0
KILO.TO,0.05,0,0,14.44,0,0,-0.16,0,0,-68.6,0,0
ZLU.TO,0.44,0.51,0.63,10.53,11.23,11.41,0.55,0.62,1.02,12.44,12.94,18.73
EBIT.TO,0,0,0,0,0,0,0,0,0,0,0,0
EBIT-U.TO,0,0,0,0,0,0,0,0,0,0,0,0
ZDY.TO,0.7,0.81,0.82,12.13,14.22,11.93,0.77,0.34,0.88,13.24,4.95,12.84
CGXF.TO,0.74,0.91,1.01,27.89,31.11,27.34,-0.2,0.22,0.14,-12.02,2.68,0.3
ZNQ.TO,1.21,0,0,19.61,0,0,0.49,0,0,6.66,0,0
CMAG.TO,0,0,0,11.54,0,0,-0.1,0,0,0,0,0
NXF.TO,0.82,0.8,0,27.52,31.02,0,1.26,0.23,0,44.47,2.65,0
XUU.TO,0.99,0.99,0,14.32,14.9,0,0.62,0.59,0,8.37,8.24,0
TECH-U.TO,0,0,0,0,0,0,0,0,0,0,0,0
ZTL.NE,1.68,2.02,0,13.55,16.53,0,-1.37,-0.18,0,-10.75,-2.12,0
CIEM.TO,0,0,0,0,0,0,0,0,0,0,0,0
TIPS-F.TO,0,0,0,0,0,0,0,0,0,0,0,0
ZUAG-F.TO,0,0,0,0,0,0,0,0,0,0,0,0
CLML.TO,0,0,0,0,0,0,0,0,0,0,0,0
CRED.TO,0,0,0,2.13,0,0,-0.22,0,0,0,0,0
CMGG.TO,0,0,0,0,0,0,0,0,0,0,0,0
UDIV.TO,0,0,0,0,0,0,0,0,0,0,0,0
CIEM-U.TO,0,0,0,0,0,0,0,0,0,0,0,0
ETHH-U.TO,0,0,0,0,0,0,0,0,0,0,0,0
CMAG-U.TO,0,0,0,0,0,0,0,0,0,0,0,0
EQL-U.TO,0.95,1.02,0,14.89,16.31,0,0.67,0.48,0,10.02,6.66,0
TPU-U.TO,0,0,0,0,0,0,0,0,0,0,0,0
PYF-B.TO,0.19,0,0,5.74,0,0,0.73,0,0,21.44,0,0
XDU-U.TO,0.64,0,0,11.75,0,0,0.56,0,0,9.7,0,0
QQQT-B.TO,N/A,N/A,N/A,N/A,N/A,N/A,N/A,N/A,N/A,N/A,N/A,N/A
UDEF-B.TO,0,0,0,0,0,0,0,0,0,0,0,0
ZJK-U.TO,0,0,0,0,0,0,0,0,0,0,0,0
ZPAY-U.TO,0.55,0,0,9.53,0,0,0.35,0,0,5.33,0,0
ZUP.TO,0.54,0.53,0,13.82,14.07,0,-0.28,0.02,0,-8.84,-1.26,0
HUBL.TO,1.5,1.58,0,27.44,28.95,0,0.21,-0.05,0,1.32,-3.7,0
ZIC-U.TO,0.94,0.98,1.09,7.15,7.37,8.51,-0.84,0.1,0.48,-6.49,0.48,3.49
PYF.TO,0.14,0.27,0,3.49,6.52,0,1.14,0.35,0,28.69,7.79,0
QQQT.TO,N/A,N/A,N/A,N/A,N/A,N/A,N/A,N/A,N/A,N/A,N/A,N/A
TUED.TO,0.94,0,0,14.1,0,0,0.61,0,0,8.52,0,0
ETHH-B.TO,0,0,0,0,0,0,0,0,0,0,0,0
XMC.TO,1.05,1.04,0,16.52,18.34,0,0.66,0.35,0,9.83,4.79,0
ETHR.TO,0,0,0,0,0,0,0,0,0,0,0,0
EQL-F.TO,1.15,1.26,0,19,21.13,0,0.49,0.3,0,7.01,3.33,0
XDG.TO,0.7,0.7,0,11.03,11.03,0,0.63,0.44,0,9.69,6.3,0
BTCY.TO,0,0,0,0,0,0,0,0,0,0,0,0
LIFE.TO,0.73,0.71,0,13.31,13.14,0,0.46,0.55,0,7.44,9.54,0
NNRG.NE,0,0,0,0,0,0,0,0,0,0,0,0
TECH.TO,0,0,0,0,0,0,0,0,0,0,0,0
ZPAY.TO,0.53,0,0,9.08,0,0,0.39,0,0,6.12,0,0
ZWH.TO,0.72,0.81,0,12.32,13.96,0,0.75,0.43,0,12.49,6.47,0
ZPR.TO,1.04,1.07,1.12,11.57,16.15,14.18,0.19,-0.06,-0.01,1.51,-2.13,-1.04
CGIN-U.TO,0,0,0,0,0,0,0,0,0,0,0,0
TGED-U.TO,0,0,0,0,0,0,0,0,0,0,0,0
PXS.TO,0.85,0.93,0,13.89,15.26,0,0.89,0.53,0,14.49,7.86,0
ZUAG.TO,0,0,0,0,0,0,0,0,0,0,0,0
CNAO.TO,0,0,0,0,0,0,0,0,0,0,0,0
CYBR-B.TO,0.7,0.89,0,22.66,22.25,0,0.19,0.49,0,2.57,10.06,0
RUD-U.TO,0.92,0.93,0,14.17,14.68,0,0.74,0.63,0,10.99,9.34,0
ZTM.NE,0.86,1.05,0,6.97,8.63,0,-1.07,-0.03,0,-8.64,-0.61,0
HBF-B.TO,0.78,0,0,12.44,0,0,0.57,0,0,8.58,0,0
ULV-C.TO,0.55,0.57,0,11.5,12.01,0,0.34,0.44,0,6.2,8.25,0
CCOR-U.TO,0.77,0,0,6.06,0,0,-0.98,0,0,-7.84,0,0
RUDB-U.TO,0,0,0,0,0,0,0,0,0,0,0,0
ZSML-U.TO,1.11,0,0,18.39,0,0,0.6,0,0,9.12,0,0
ZPW-U.TO,0.39,0.35,0,8.81,8.48,0,0.62,0.3,0,13.46,6.44,0
HBF-U.TO,0.8,0.81,0,12.82,13.11,0,0.54,0.55,0,7.95,8.21,0
XUU-U.TO,0.99,0,0,14.33,0,0,0.62,0,0,8.37,0,0
CBON.NE,0,0,0,0,0,0,0,0,0,0,0,0
XDU.TO,0.64,0.69,0,11.73,12.27,0,0.56,0.41,0,9.7,6.43,0
NNRG-U.NE,0,0,0,0,0,0,0,0,0,0,0,0
EQL.TO,0.95,1.02,0,14.88,16.31,0,0.67,0.48,0,10.02,6.65,0
QUU.TO,0.97,0.98,0,14.11,14.77,0,0.61,0.65,0,8.32,9.31,0
HHL-B.TO,0.53,0,0,11.6,0,0,0.8,0,0,17.31,0,0
TEC-U.TO,0,0,0,0,0,0,0,0,0,0,0,0
TPU.TO,0.97,0.98,0,14.11,14.82,0,0.61,0.65,0,8.25,9.26,0
ETHY-U.TO,0,0,0,0,0,0,0,0,0,0,0,0
TEC.TO,1.37,0,0,21.23,0,0,0.4,0,0,4.77,0,0
ETHH.TO,0,0,0,0,0,0,0,0,0,0,0,0
HTA.TO,1.57,1.44,0,23,21.55,0,0.56,0.63,0,6.98,8.44,0
NXF-B.TO,0.76,0.71,0,24.93,27.56,0,1.42,0.3,0,51.2,6.38,0
ZSP.TO,0.95,0.97,0.98,13.91,14.63,12.57,0.66,0.66,1.06,9.12,9.36,13.64
ZPW.TO,0.38,0.36,0,8.52,8.52,0,0.67,0.3,0,14.68,6.32,0
BTCY-B.TO,0,0,0,0,0,0,0,0,0,0,0,0
FLX.TO,0.68,1.18,0,6.26,11.41,0,-0.05,-0.12,0,-0.72,-1.73,0
UDIV-U.TO,0,0,0,0,0,0,0,0,0,0,0,0
BTCY-U.TO,0,0,0,0,0,0,0,0,0,0,0,0
ZUAG-U.TO,0,0,0,0,0,0,0,0,0,0,0,0
CMGG-U.TO,0,0,0,0,0,0,0,0,0,0,0,0
ULV-U.TO,0.55,0.57,0,11.5,12.01,0,0.34,0.44,0,6.21,8.26,0
CCOR.TO,0.57,0,0,5.65,0,0,-1.16,0,0,-11.55,0,0
ZSML.TO,1.1,0,0,18.25,0,0,0.62,0,0,9.51,0,0
SYLD.TO,0.39,0.84,0,5.55,9.6,0,0.58,0.28,0,8.3,2.73,0
CMDO-U.TO,0,0,0,0,0,0,0,0,0,0,0,0
HPF-U.TO,0.72,0.75,0,24.11,29.1,0,1.26,0.16,0,44.69,0.54,0
HHL-U.TO,0.56,0.51,0,11.92,11.8,0,0.76,0.62,0,15.92,13.71,0
XMU.TO,0.68,0.66,0.73,11.63,11.74,10.92,0.4,0.52,1.04,6.11,8.55,15.78
ZMID.TO,1.03,0,0,16.28,0,0,0.68,0,0,10.16,0,0
ETHR-U.TO,0,0,0,0,0,0,0,0,0,0,0,0
UDIV-B.TO,0,0,0,0,0,0,0,0,0,0,0,0
BTCX-B.TO,0,0,0,0,0,0,0,0,0,0,0,0
ZSP-U.TO,0.98,0.97,0.97,14.29,14.59,12.36,0.63,0.65,1.07,8.59,9.24,13.8
ZTM-U.NE,0.94,1.12,0,7.3,9.13,0,-1.05,-0.04,0,-8.2,-0.68,0
ZWB.TO,0.88,0.94,0.76,15.67,17.5,14.28,0.51,0.17,0.45,8.25,1.54,7.35
ZIC.TO,0.88,0.95,1.07,6.82,7.29,8.5,-0.85,0.12,0.49,-6.7,0.63,3.62
ETHY.TO,0,0,0,0,0,0,0,0,0,0,0,0
TXF.TO,1.48,1.47,1.26,22.31,22.2,17.79,0.34,0.44,0.73,3.61,5.26,9.73
CALL.TO,1.52,1.67,0,29.51,31.63,0,0.17,-0.05,0,0.4,-4.13,0
XAW.TO,1,1,0,13.07,13.49,0,0.49,0.45,0,5.89,5.47,0
ZUEA.NE,N/A,N/A,N/A,N/A,N/A,N/A,N/A,N/A,N/A,N/A,N/A,N/A
BGDV.NE,N/A,N/A,N/A,N/A,N/A,N/A,N/A,N/A,N/A,N/A,N/A,N/A
KILO-U.TO,N/A,N/A,N/A,N/A,N/A,N/A,N/A,N/A,N/A,N/A,N/A,N/A
CUSM-B.NE,0,0,0,0,0,0,0,0,0,0,0,0
TRVI.TO,N/A,N/A,N/A,N/A,N/A,N/A,N/A,N/A,N/A,N/A,N/A,N/A
MPAY.TO,N/A,N/A,N/A,N/A,N/A,N/A,N/A,N/A,N/A,N/A,N/A,N/A
QQCL.TO,N/A,N/A,N/A,N/A,N/A,N/A,N/A,N/A,N/A,N/A,N/A,N/A
MNS.TO,N/A,N/A,N/A,N/A,N/A,N/A,N/A,N/A,N/A,N/A,N/A,N/A
HPYT.TO,0,0,0,0,0,0,0,0,0,0,0,0
CROP-U.TO,N/A,N/A,N/A,N/A,N/A,N/A,N/A,N/A,N/A,N/A,N/A,N/A
MPAY-U.TO,N/A,N/A,N/A,N/A,N/A,N/A,N/A,N/A,N/A,N/A,N/A,N/A
HGRW.TO,N/A,N/A,N/A,N/A,N/A,N/A,N/A,N/A,N/A,N/A,N/A,N/A
FINE.TO,N/A,N/A,N/A,N/A,N/A,N/A,N/A,N/A,N/A,N/A,N/A,N/A
BGIF.NE,N/A,N/A,N/A,N/A,N/A,N/A,N/A,N/A,N/A,N/A,N/A,N/A
CLP-UN.TO,N/A,N/A,N/A,N/A,N/A,N/A,N/A,N/A,N/A,N/A,N/A,N/A
ZIU.TO,N/A,N/A,N/A,N/A,N/A,N/A,N/A,N/A,N/A,N/A,N/A,N/A
QQQY.TO,N/A,N/A,N/A,N/A,N/A,N/A,N/A,N/A,N/A,N/A,N/A,N/A
BOND.TO,N/A,N/A,N/A,N/A,N/A,N/A,N/A,N/A,N/A,N/A,N/A,N/A
LPAY-U.TO,N/A,N/A,N/A,N/A,N/A,N/A,N/A,N/A,N/A,N/A,N/A,N/A
UMNY-U.TO,N/A,N/A,N/A,N/A,N/A,N/A,N/A,N/A,N/A,N/A,N/A,N/A
ZOCT.NE,N/A,N/A,N/A,N/A,N/A,N/A,N/A,N/A,N/A,N/A,N/A,N/A
MPY.TO,N/A,N/A,N/A,N/A,N/A,N/A,N/A,N/A,N/A,N/A,N/A,N/A
XQQU-U.TO,0,0,0,0,0,0,0,0,0,0,0,0
ZEBA.NE,N/A,N/A,N/A,N/A,N/A,N/A,N/A,N/A,N/A,N/A,N/A,N/A
XCHP.TO,0,0,0,0,0,0,0,0,0,0,0,0
CUTL.TO,N/A,N/A,N/A,N/A,N/A,N/A,N/A,N/A,N/A,N/A,N/A,N/A
KILO-B.TO,N/A,N/A,N/A,N/A,N/A,N/A,N/A,N/A,N/A,N/A,N/A,N/A
CMNY.TO,N/A,N/A,N/A,N/A,N/A,N/A,N/A,N/A,N/A,N/A,N/A,N/A
ZUCM.TO,N/A,N/A,N/A,N/A,N/A,N/A,N/A,N/A,N/A,N/A,N/A,N/A
SPAY-U.TO,N/A,N/A,N/A,N/A,N/A,N/A,N/A,N/A,N/A,N/A,N/A,N/A
XQQU.TO,0,0,0,0,0,0,0,0,0,0,0,0
LPAY.TO,N/A,N/A,N/A,N/A,N/A,N/A,N/A,N/A,N/A,N/A,N/A,N/A
ZWQT.TO,N/A,N/A,N/A,N/A,N/A,N/A,N/A,N/A,N/A,N/A,N/A,N/A
ENCL.TO,N/A,N/A,N/A,N/A,N/A,N/A,N/A,N/A,N/A,N/A,N/A,N/A
MNT.TO,N/A,N/A,N/A,N/A,N/A,N/A,N/A,N/A,N/A,N/A,N/A,N/A
SPAY.TO,N/A,N/A,N/A,N/A,N/A,N/A,N/A,N/A,N/A,N/A,N/A,N/A
HBND.TO,0,0,0,0,0,0,0,0,0,0,0,0
MNT-U.TO,N/A,N/A,N/A,N/A,N/A,N/A,N/A,N/A,N/A,N/A,N/A,N/A
CUTL-B.TO,N/A,N/A,N/A,N/A,N/A,N/A,N/A,N/A,N/A,N/A,N/A,N/A
CUSA-B.NE,0,0,0,0,0,0,0,0,0,0,0,0
GRCC.TO,N/A,N/A,N/A,N/A,N/A,N/A,N/A,N/A,N/A,N/A,N/A,N/A
CMAR.TO,0,0,0,0,0,0,0,0,0,0,0,0
XUSF.TO,0,0,0,0,0,0,0,0,0,0,0,0
PIX-UN.TO,N/A,N/A,N/A,N/A,N/A,N/A,N/A,N/A,N/A,N/A,N/A,N/A
XLVE.TO,N/A,N/A,N/A,N/A,N/A,N/A,N/A,N/A,N/A,N/A,N/A,N/A
RA-UN.TO,N/A,N/A,N/A,N/A,N/A,N/A,N/A,N/A,N/A,N/A,N/A,N/A
HEQL.TO,N/A,N/A,N/A,N/A,N/A,N/A,N/A,N/A,N/A,N/A,N/A,N/A
CBNK.TO,N/A,N/A,N/A,N/A,N/A,N/A,N/A,N/A,N/A,N/A,N/A,N/A
XAD.TO,0,0,0,0,0,0,0,0,0,0,0,0
EIT-PB.TO,N/A,N/A,N/A,N/A,N/A,N/A,N/A,N/A,N/A,N/A,N/A,N/A
ZUGE.TO,N/A,N/A,N/A,N/A,N/A,N/A,N/A,N/A,N/A,N/A,N/A,N/A
EQCL.TO,N/A,N/A,N/A,N/A,N/A,N/A,N/A,N/A,N/A,N/A,N/A,N/A
